Varies per block?       ,    2,Unit    ,Block  ,     2,     1,  2027
Varies per sequence?    ,    0
# of agents             ,    1
Stag,Seq.,Blck,Block
   1,   1,   1,  2.0000                                               
   1,   1,   2,  3.0000                                               
   1,   1,   3,  3.0000                                               
   1,   1,   4,  3.0000                                               
   1,   1,   5,  3.0000                                               
   1,   1,   6,  3.0000                                               
   1,   1,   7,  3.0000                                               
   1,   1,   8,  3.0000                                               
   1,   1,   9,  3.0000                                               
   1,   1,  10,  3.0000                                               
   1,   1,  11,  3.0000                                               
   1,   1,  12,  3.0000                                               
   1,   1,  13,  3.0000                                               
   1,   1,  14,  3.0000                                               
   1,   1,  15,  3.0000                                               
   1,   1,  16,  3.0000                                               
   1,   1,  17,  3.0000                                               
   1,   1,  18,  3.0000                                               
   1,   1,  19,  2.0000                                               
   1,   1,  20,  2.0000                                               
   1,   1,  21,  2.0000                                               
   1,   1,  22,  2.0000                                               
   1,   1,  23,  2.0000                                               
   1,   1,  24,  2.0000                                               
   1,   1,  25,  2.0000                                               
   1,   1,  26,  3.0000                                               
   1,   1,  27,  3.0000                                               
   1,   1,  28,  3.0000                                               
   1,   1,  29,  3.0000                                               
   1,   1,  30,  3.0000                                               
   1,   1,  31,  3.0000                                               
   1,   1,  32,  3.0000                                               
   1,   1,  33,  2.0000                                               
   1,   1,  34,  2.0000                                               
   1,   1,  35,  2.0000                                               
   1,   1,  36,  2.0000                                               
   1,   1,  37,  2.0000                                               
   1,   1,  38,  2.0000                                               
   1,   1,  39,  2.0000                                               
   1,   1,  40,  1.0000                                               
   1,   1,  41,  1.0000                                               
   1,   1,  42,  1.0000                                               
   1,   1,  43,  1.0000                                               
   1,   1,  44,  1.0000                                               
   1,   1,  45,  1.0000                                               
   1,   1,  46,  1.0000                                               
   1,   1,  47,  1.0000                                               
   1,   1,  48,  2.0000                                               
   1,   1,  49,  2.0000                                               
   1,   1,  50,  3.0000                                               
   1,   1,  51,  3.0000                                               
   1,   1,  52,  3.0000                                               
   1,   1,  53,  3.0000                                               
   1,   1,  54,  3.0000                                               
   1,   1,  55,  3.0000                                               
   1,   1,  56,  3.0000                                               
   1,   1,  57,  2.0000                                               
   1,   1,  58,  2.0000                                               
   1,   1,  59,  2.0000                                               
   1,   1,  60,  2.0000                                               
   1,   1,  61,  2.0000                                               
   1,   1,  62,  2.0000                                               
   1,   1,  63,  2.0000                                               
   1,   1,  64,  1.0000                                               
   1,   1,  65,  1.0000                                               
   1,   1,  66,  1.0000                                               
   1,   1,  67,  1.0000                                               
   1,   1,  68,  1.0000                                               
   1,   1,  69,  1.0000                                               
   1,   1,  70,  1.0000                                               
   1,   1,  71,  1.0000                                               
   1,   1,  72,  2.0000                                               
   1,   1,  73,  2.0000                                               
   1,   1,  74,  3.0000                                               
   1,   1,  75,  3.0000                                               
   1,   1,  76,  3.0000                                               
   1,   1,  77,  3.0000                                               
   1,   1,  78,  3.0000                                               
   1,   1,  79,  3.0000                                               
   1,   1,  80,  3.0000                                               
   1,   1,  81,  2.0000                                               
   1,   1,  82,  2.0000                                               
   1,   1,  83,  2.0000                                               
   1,   1,  84,  2.0000                                               
   1,   1,  85,  2.0000                                               
   1,   1,  86,  2.0000                                               
   1,   1,  87,  2.0000                                               
   1,   1,  88,  1.0000                                               
   1,   1,  89,  1.0000                                               
   1,   1,  90,  1.0000                                               
   1,   1,  91,  1.0000                                               
   1,   1,  92,  1.0000                                               
   1,   1,  93,  1.0000                                               
   1,   1,  94,  1.0000                                               
   1,   1,  95,  1.0000                                               
   1,   1,  96,  2.0000                                               
   1,   1,  97,  2.0000                                               
   1,   1,  98,  3.0000                                               
   1,   1,  99,  3.0000                                               
   1,   1, 100,  3.0000                                               
   1,   1, 101,  3.0000                                               
   1,   1, 102,  3.0000                                               
   1,   1, 103,  3.0000                                               
   1,   1, 104,  3.0000                                               
   1,   1, 105,  2.0000                                               
   1,   1, 106,  2.0000                                               
   1,   1, 107,  2.0000                                               
   1,   1, 108,  2.0000                                               
   1,   1, 109,  2.0000                                               
   1,   1, 110,  2.0000                                               
   1,   1, 111,  2.0000                                               
   1,   1, 112,  1.0000                                               
   1,   1, 113,  1.0000                                               
   1,   1, 114,  1.0000                                               
   1,   1, 115,  1.0000                                               
   1,   1, 116,  1.0000                                               
   1,   1, 117,  1.0000                                               
   1,   1, 118,  1.0000                                               
   1,   1, 119,  1.0000                                               
   1,   1, 120,  2.0000                                               
   1,   1, 121,  2.0000                                               
   1,   1, 122,  3.0000                                               
   1,   1, 123,  3.0000                                               
   1,   1, 124,  3.0000                                               
   1,   1, 125,  3.0000                                               
   1,   1, 126,  3.0000                                               
   1,   1, 127,  3.0000                                               
   1,   1, 128,  3.0000                                               
   1,   1, 129,  2.0000                                               
   1,   1, 130,  2.0000                                               
   1,   1, 131,  2.0000                                               
   1,   1, 132,  2.0000                                               
   1,   1, 133,  2.0000                                               
   1,   1, 134,  2.0000                                               
   1,   1, 135,  2.0000                                               
   1,   1, 136,  1.0000                                               
   1,   1, 137,  1.0000                                               
   1,   1, 138,  1.0000                                               
   1,   1, 139,  1.0000                                               
   1,   1, 140,  1.0000                                               
   1,   1, 141,  1.0000                                               
   1,   1, 142,  1.0000                                               
   1,   1, 143,  1.0000                                               
   1,   1, 144,  2.0000                                               
   1,   1, 145,  2.0000                                               
   1,   1, 146,  3.0000                                               
   1,   1, 147,  3.0000                                               
   1,   1, 148,  3.0000                                               
   1,   1, 149,  3.0000                                               
   1,   1, 150,  3.0000                                               
   1,   1, 151,  3.0000                                               
   1,   1, 152,  3.0000                                               
   1,   1, 153,  3.0000                                               
   1,   1, 154,  3.0000                                               
   1,   1, 155,  3.0000                                               
   1,   1, 156,  3.0000                                               
   1,   1, 157,  3.0000                                               
   1,   1, 158,  3.0000                                               
   1,   1, 159,  3.0000                                               
   1,   1, 160,  3.0000                                               
   1,   1, 161,  3.0000                                               
   1,   1, 162,  3.0000                                               
   1,   1, 163,  2.0000                                               
   1,   1, 164,  2.0000                                               
   1,   1, 165,  2.0000                                               
   1,   1, 166,  2.0000                                               
   1,   1, 167,  2.0000                                               
   1,   1, 168,  2.0000                                               
   1,   1, 169,  2.0000                                               
   1,   1, 170,  3.0000                                               
   1,   1, 171,  3.0000                                               
   1,   1, 172,  3.0000                                               
   1,   1, 173,  3.0000                                               
   1,   1, 174,  3.0000                                               
   1,   1, 175,  3.0000                                               
   1,   1, 176,  3.0000                                               
   1,   1, 177,  3.0000                                               
   1,   1, 178,  3.0000                                               
   1,   1, 179,  3.0000                                               
   1,   1, 180,  3.0000                                               
   1,   1, 181,  3.0000                                               
   1,   1, 182,  3.0000                                               
   1,   1, 183,  3.0000                                               
   1,   1, 184,  3.0000                                               
   1,   1, 185,  3.0000                                               
   1,   1, 186,  3.0000                                               
   1,   1, 187,  2.0000                                               
   1,   1, 188,  2.0000                                               
   1,   1, 189,  2.0000                                               
   1,   1, 190,  2.0000                                               
   1,   1, 191,  2.0000                                               
   1,   1, 192,  2.0000                                               
   1,   1, 193,  2.0000                                               
   1,   1, 194,  3.0000                                               
   1,   1, 195,  3.0000                                               
   1,   1, 196,  3.0000                                               
   1,   1, 197,  3.0000                                               
   1,   1, 198,  3.0000                                               
   1,   1, 199,  3.0000                                               
   1,   1, 200,  3.0000                                               
   1,   1, 201,  2.0000                                               
   1,   1, 202,  2.0000                                               
   1,   1, 203,  2.0000                                               
   1,   1, 204,  2.0000                                               
   1,   1, 205,  2.0000                                               
   1,   1, 206,  2.0000                                               
   1,   1, 207,  2.0000                                               
   1,   1, 208,  1.0000                                               
   1,   1, 209,  1.0000                                               
   1,   1, 210,  1.0000                                               
   1,   1, 211,  1.0000                                               
   1,   1, 212,  1.0000                                               
   1,   1, 213,  1.0000                                               
   1,   1, 214,  1.0000                                               
   1,   1, 215,  1.0000                                               
   1,   1, 216,  2.0000                                               
   1,   1, 217,  2.0000                                               
   1,   1, 218,  3.0000                                               
   1,   1, 219,  3.0000                                               
   1,   1, 220,  3.0000                                               
   1,   1, 221,  3.0000                                               
   1,   1, 222,  3.0000                                               
   1,   1, 223,  3.0000                                               
   1,   1, 224,  3.0000                                               
   1,   1, 225,  2.0000                                               
   1,   1, 226,  2.0000                                               
   1,   1, 227,  2.0000                                               
   1,   1, 228,  2.0000                                               
   1,   1, 229,  2.0000                                               
   1,   1, 230,  2.0000                                               
   1,   1, 231,  2.0000                                               
   1,   1, 232,  1.0000                                               
   1,   1, 233,  1.0000                                               
   1,   1, 234,  1.0000                                               
   1,   1, 235,  1.0000                                               
   1,   1, 236,  1.0000                                               
   1,   1, 237,  1.0000                                               
   1,   1, 238,  1.0000                                               
   1,   1, 239,  1.0000                                               
   1,   1, 240,  2.0000                                               
   1,   1, 241,  2.0000                                               
   1,   1, 242,  3.0000                                               
   1,   1, 243,  3.0000                                               
   1,   1, 244,  3.0000                                               
   1,   1, 245,  3.0000                                               
   1,   1, 246,  3.0000                                               
   1,   1, 247,  3.0000                                               
   1,   1, 248,  3.0000                                               
   1,   1, 249,  2.0000                                               
   1,   1, 250,  2.0000                                               
   1,   1, 251,  2.0000                                               
   1,   1, 252,  2.0000                                               
   1,   1, 253,  2.0000                                               
   1,   1, 254,  2.0000                                               
   1,   1, 255,  2.0000                                               
   1,   1, 256,  1.0000                                               
   1,   1, 257,  1.0000                                               
   1,   1, 258,  1.0000                                               
   1,   1, 259,  1.0000                                               
   1,   1, 260,  1.0000                                               
   1,   1, 261,  1.0000                                               
   1,   1, 262,  1.0000                                               
   1,   1, 263,  1.0000                                               
   1,   1, 264,  2.0000                                               
   1,   1, 265,  2.0000                                               
   1,   1, 266,  3.0000                                               
   1,   1, 267,  3.0000                                               
   1,   1, 268,  3.0000                                               
   1,   1, 269,  3.0000                                               
   1,   1, 270,  3.0000                                               
   1,   1, 271,  3.0000                                               
   1,   1, 272,  3.0000                                               
   1,   1, 273,  2.0000                                               
   1,   1, 274,  2.0000                                               
   1,   1, 275,  2.0000                                               
   1,   1, 276,  2.0000                                               
   1,   1, 277,  2.0000                                               
   1,   1, 278,  2.0000                                               
   1,   1, 279,  2.0000                                               
   1,   1, 280,  1.0000                                               
   1,   1, 281,  1.0000                                               
   1,   1, 282,  1.0000                                               
   1,   1, 283,  1.0000                                               
   1,   1, 284,  1.0000                                               
   1,   1, 285,  1.0000                                               
   1,   1, 286,  1.0000                                               
   1,   1, 287,  1.0000                                               
   1,   1, 288,  2.0000                                               
   1,   1, 289,  2.0000                                               
   1,   1, 290,  3.0000                                               
   1,   1, 291,  3.0000                                               
   1,   1, 292,  3.0000                                               
   1,   1, 293,  3.0000                                               
   1,   1, 294,  3.0000                                               
   1,   1, 295,  3.0000                                               
   1,   1, 296,  3.0000                                               
   1,   1, 297,  2.0000                                               
   1,   1, 298,  2.0000                                               
   1,   1, 299,  2.0000                                               
   1,   1, 300,  2.0000                                               
   1,   1, 301,  2.0000                                               
   1,   1, 302,  2.0000                                               
   1,   1, 303,  2.0000                                               
   1,   1, 304,  1.0000                                               
   1,   1, 305,  1.0000                                               
   1,   1, 306,  1.0000                                               
   1,   1, 307,  1.0000                                               
   1,   1, 308,  1.0000                                               
   1,   1, 309,  1.0000                                               
   1,   1, 310,  1.0000                                               
   1,   1, 311,  1.0000                                               
   1,   1, 312,  2.0000                                               
   1,   1, 313,  2.0000                                               
   1,   1, 314,  3.0000                                               
   1,   1, 315,  3.0000                                               
   1,   1, 316,  3.0000                                               
   1,   1, 317,  3.0000                                               
   1,   1, 318,  3.0000                                               
   1,   1, 319,  3.0000                                               
   1,   1, 320,  3.0000                                               
   1,   1, 321,  3.0000                                               
   1,   1, 322,  3.0000                                               
   1,   1, 323,  3.0000                                               
   1,   1, 324,  3.0000                                               
   1,   1, 325,  3.0000                                               
   1,   1, 326,  3.0000                                               
   1,   1, 327,  3.0000                                               
   1,   1, 328,  3.0000                                               
   1,   1, 329,  3.0000                                               
   1,   1, 330,  3.0000                                               
   1,   1, 331,  2.0000                                               
   1,   1, 332,  2.0000                                               
   1,   1, 333,  2.0000                                               
   1,   1, 334,  2.0000                                               
   1,   1, 335,  2.0000                                               
   1,   1, 336,  2.0000                                               
   1,   1, 337,  2.0000                                               
   1,   1, 338,  3.0000                                               
   1,   1, 339,  3.0000                                               
   1,   1, 340,  3.0000                                               
   1,   1, 341,  3.0000                                               
   1,   1, 342,  3.0000                                               
   1,   1, 343,  3.0000                                               
   1,   1, 344,  3.0000                                               
   1,   1, 345,  3.0000                                               
   1,   1, 346,  3.0000                                               
   1,   1, 347,  3.0000                                               
   1,   1, 348,  3.0000                                               
   1,   1, 349,  3.0000                                               
   1,   1, 350,  3.0000                                               
   1,   1, 351,  3.0000                                               
   1,   1, 352,  3.0000                                               
   1,   1, 353,  3.0000                                               
   1,   1, 354,  3.0000                                               
   1,   1, 355,  2.0000                                               
   1,   1, 356,  2.0000                                               
   1,   1, 357,  2.0000                                               
   1,   1, 358,  2.0000                                               
   1,   1, 359,  2.0000                                               
   1,   1, 360,  2.0000                                               
   1,   1, 361,  2.0000                                               
   1,   1, 362,  3.0000                                               
   1,   1, 363,  3.0000                                               
   1,   1, 364,  3.0000                                               
   1,   1, 365,  3.0000                                               
   1,   1, 366,  3.0000                                               
   1,   1, 367,  3.0000                                               
   1,   1, 368,  3.0000                                               
   1,   1, 369,  2.0000                                               
   1,   1, 370,  2.0000                                               
   1,   1, 371,  2.0000                                               
   1,   1, 372,  2.0000                                               
   1,   1, 373,  2.0000                                               
   1,   1, 374,  2.0000                                               
   1,   1, 375,  2.0000                                               
   1,   1, 376,  1.0000                                               
   1,   1, 377,  1.0000                                               
   1,   1, 378,  1.0000                                               
   1,   1, 379,  1.0000                                               
   1,   1, 380,  1.0000                                               
   1,   1, 381,  1.0000                                               
   1,   1, 382,  1.0000                                               
   1,   1, 383,  1.0000                                               
   1,   1, 384,  2.0000                                               
   1,   1, 385,  2.0000                                               
   1,   1, 386,  3.0000                                               
   1,   1, 387,  3.0000                                               
   1,   1, 388,  3.0000                                               
   1,   1, 389,  3.0000                                               
   1,   1, 390,  3.0000                                               
   1,   1, 391,  3.0000                                               
   1,   1, 392,  3.0000                                               
   1,   1, 393,  2.0000                                               
   1,   1, 394,  2.0000                                               
   1,   1, 395,  2.0000                                               
   1,   1, 396,  2.0000                                               
   1,   1, 397,  2.0000                                               
   1,   1, 398,  2.0000                                               
   1,   1, 399,  2.0000                                               
   1,   1, 400,  1.0000                                               
   1,   1, 401,  1.0000                                               
   1,   1, 402,  1.0000                                               
   1,   1, 403,  1.0000                                               
   1,   1, 404,  1.0000                                               
   1,   1, 405,  1.0000                                               
   1,   1, 406,  1.0000                                               
   1,   1, 407,  1.0000                                               
   1,   1, 408,  2.0000                                               
   1,   1, 409,  2.0000                                               
   1,   1, 410,  3.0000                                               
   1,   1, 411,  3.0000                                               
   1,   1, 412,  3.0000                                               
   1,   1, 413,  3.0000                                               
   1,   1, 414,  3.0000                                               
   1,   1, 415,  3.0000                                               
   1,   1, 416,  3.0000                                               
   1,   1, 417,  2.0000                                               
   1,   1, 418,  2.0000                                               
   1,   1, 419,  2.0000                                               
   1,   1, 420,  2.0000                                               
   1,   1, 421,  2.0000                                               
   1,   1, 422,  2.0000                                               
   1,   1, 423,  2.0000                                               
   1,   1, 424,  1.0000                                               
   1,   1, 425,  1.0000                                               
   1,   1, 426,  1.0000                                               
   1,   1, 427,  1.0000                                               
   1,   1, 428,  1.0000                                               
   1,   1, 429,  1.0000                                               
   1,   1, 430,  1.0000                                               
   1,   1, 431,  1.0000                                               
   1,   1, 432,  2.0000                                               
   1,   1, 433,  2.0000                                               
   1,   1, 434,  3.0000                                               
   1,   1, 435,  3.0000                                               
   1,   1, 436,  3.0000                                               
   1,   1, 437,  3.0000                                               
   1,   1, 438,  3.0000                                               
   1,   1, 439,  3.0000                                               
   1,   1, 440,  3.0000                                               
   1,   1, 441,  2.0000                                               
   1,   1, 442,  2.0000                                               
   1,   1, 443,  2.0000                                               
   1,   1, 444,  2.0000                                               
   1,   1, 445,  2.0000                                               
   1,   1, 446,  2.0000                                               
   1,   1, 447,  2.0000                                               
   1,   1, 448,  1.0000                                               
   1,   1, 449,  1.0000                                               
   1,   1, 450,  1.0000                                               
   1,   1, 451,  1.0000                                               
   1,   1, 452,  1.0000                                               
   1,   1, 453,  1.0000                                               
   1,   1, 454,  1.0000                                               
   1,   1, 455,  1.0000                                               
   1,   1, 456,  2.0000                                               
   1,   1, 457,  2.0000                                               
   1,   1, 458,  3.0000                                               
   1,   1, 459,  3.0000                                               
   1,   1, 460,  3.0000                                               
   1,   1, 461,  3.0000                                               
   1,   1, 462,  3.0000                                               
   1,   1, 463,  3.0000                                               
   1,   1, 464,  3.0000                                               
   1,   1, 465,  2.0000                                               
   1,   1, 466,  2.0000                                               
   1,   1, 467,  2.0000                                               
   1,   1, 468,  2.0000                                               
   1,   1, 469,  2.0000                                               
   1,   1, 470,  2.0000                                               
   1,   1, 471,  2.0000                                               
   1,   1, 472,  1.0000                                               
   1,   1, 473,  1.0000                                               
   1,   1, 474,  1.0000                                               
   1,   1, 475,  1.0000                                               
   1,   1, 476,  1.0000                                               
   1,   1, 477,  1.0000                                               
   1,   1, 478,  1.0000                                               
   1,   1, 479,  1.0000                                               
   1,   1, 480,  2.0000                                               
   1,   1, 481,  2.0000                                               
   1,   1, 482,  3.0000                                               
   1,   1, 483,  3.0000                                               
   1,   1, 484,  3.0000                                               
   1,   1, 485,  3.0000                                               
   1,   1, 486,  3.0000                                               
   1,   1, 487,  3.0000                                               
   1,   1, 488,  3.0000                                               
   1,   1, 489,  3.0000                                               
   1,   1, 490,  3.0000                                               
   1,   1, 491,  3.0000                                               
   1,   1, 492,  3.0000                                               
   1,   1, 493,  3.0000                                               
   1,   1, 494,  3.0000                                               
   1,   1, 495,  3.0000                                               
   1,   1, 496,  3.0000                                               
   1,   1, 497,  3.0000                                               
   1,   1, 498,  3.0000                                               
   1,   1, 499,  2.0000                                               
   1,   1, 500,  2.0000                                               
   1,   1, 501,  2.0000                                               
   1,   1, 502,  2.0000                                               
   1,   1, 503,  2.0000                                               
   1,   1, 504,  2.0000                                               
   1,   1, 505,  2.0000                                               
   1,   1, 506,  3.0000                                               
   1,   1, 507,  3.0000                                               
   1,   1, 508,  3.0000                                               
   1,   1, 509,  3.0000                                               
   1,   1, 510,  3.0000                                               
   1,   1, 511,  3.0000                                               
   1,   1, 512,  3.0000                                               
   1,   1, 513,  3.0000                                               
   1,   1, 514,  3.0000                                               
   1,   1, 515,  3.0000                                               
   1,   1, 516,  3.0000                                               
   1,   1, 517,  3.0000                                               
   1,   1, 518,  3.0000                                               
   1,   1, 519,  3.0000                                               
   1,   1, 520,  3.0000                                               
   1,   1, 521,  3.0000                                               
   1,   1, 522,  3.0000                                               
   1,   1, 523,  2.0000                                               
   1,   1, 524,  2.0000                                               
   1,   1, 525,  2.0000                                               
   1,   1, 526,  2.0000                                               
   1,   1, 527,  2.0000                                               
   1,   1, 528,  2.0000                                               
   1,   1, 529,  2.0000                                               
   1,   1, 530,  3.0000                                               
   1,   1, 531,  3.0000                                               
   1,   1, 532,  3.0000                                               
   1,   1, 533,  3.0000                                               
   1,   1, 534,  3.0000                                               
   1,   1, 535,  3.0000                                               
   1,   1, 536,  3.0000                                               
   1,   1, 537,  2.0000                                               
   1,   1, 538,  2.0000                                               
   1,   1, 539,  2.0000                                               
   1,   1, 540,  2.0000                                               
   1,   1, 541,  2.0000                                               
   1,   1, 542,  2.0000                                               
   1,   1, 543,  2.0000                                               
   1,   1, 544,  1.0000                                               
   1,   1, 545,  1.0000                                               
   1,   1, 546,  1.0000                                               
   1,   1, 547,  1.0000                                               
   1,   1, 548,  1.0000                                               
   1,   1, 549,  1.0000                                               
   1,   1, 550,  1.0000                                               
   1,   1, 551,  1.0000                                               
   1,   1, 552,  2.0000                                               
   1,   1, 553,  2.0000                                               
   1,   1, 554,  3.0000                                               
   1,   1, 555,  3.0000                                               
   1,   1, 556,  3.0000                                               
   1,   1, 557,  3.0000                                               
   1,   1, 558,  3.0000                                               
   1,   1, 559,  3.0000                                               
   1,   1, 560,  3.0000                                               
   1,   1, 561,  2.0000                                               
   1,   1, 562,  2.0000                                               
   1,   1, 563,  2.0000                                               
   1,   1, 564,  2.0000                                               
   1,   1, 565,  2.0000                                               
   1,   1, 566,  2.0000                                               
   1,   1, 567,  2.0000                                               
   1,   1, 568,  1.0000                                               
   1,   1, 569,  1.0000                                               
   1,   1, 570,  1.0000                                               
   1,   1, 571,  1.0000                                               
   1,   1, 572,  1.0000                                               
   1,   1, 573,  1.0000                                               
   1,   1, 574,  1.0000                                               
   1,   1, 575,  1.0000                                               
   1,   1, 576,  2.0000                                               
   1,   1, 577,  2.0000                                               
   1,   1, 578,  3.0000                                               
   1,   1, 579,  3.0000                                               
   1,   1, 580,  3.0000                                               
   1,   1, 581,  3.0000                                               
   1,   1, 582,  3.0000                                               
   1,   1, 583,  3.0000                                               
   1,   1, 584,  3.0000                                               
   1,   1, 585,  2.0000                                               
   1,   1, 586,  2.0000                                               
   1,   1, 587,  2.0000                                               
   1,   1, 588,  2.0000                                               
   1,   1, 589,  2.0000                                               
   1,   1, 590,  2.0000                                               
   1,   1, 591,  2.0000                                               
   1,   1, 592,  1.0000                                               
   1,   1, 593,  1.0000                                               
   1,   1, 594,  1.0000                                               
   1,   1, 595,  1.0000                                               
   1,   1, 596,  1.0000                                               
   1,   1, 597,  1.0000                                               
   1,   1, 598,  1.0000                                               
   1,   1, 599,  1.0000                                               
   1,   1, 600,  2.0000                                               
   1,   1, 601,  2.0000                                               
   1,   1, 602,  3.0000                                               
   1,   1, 603,  3.0000                                               
   1,   1, 604,  3.0000                                               
   1,   1, 605,  3.0000                                               
   1,   1, 606,  3.0000                                               
   1,   1, 607,  3.0000                                               
   1,   1, 608,  3.0000                                               
   1,   1, 609,  2.0000                                               
   1,   1, 610,  2.0000                                               
   1,   1, 611,  2.0000                                               
   1,   1, 612,  2.0000                                               
   1,   1, 613,  2.0000                                               
   1,   1, 614,  2.0000                                               
   1,   1, 615,  2.0000                                               
   1,   1, 616,  1.0000                                               
   1,   1, 617,  1.0000                                               
   1,   1, 618,  1.0000                                               
   1,   1, 619,  1.0000                                               
   1,   1, 620,  1.0000                                               
   1,   1, 621,  1.0000                                               
   1,   1, 622,  1.0000                                               
   1,   1, 623,  1.0000                                               
   1,   1, 624,  2.0000                                               
   1,   1, 625,  2.0000                                               
   1,   1, 626,  3.0000                                               
   1,   1, 627,  3.0000                                               
   1,   1, 628,  3.0000                                               
   1,   1, 629,  3.0000                                               
   1,   1, 630,  3.0000                                               
   1,   1, 631,  3.0000                                               
   1,   1, 632,  3.0000                                               
   1,   1, 633,  2.0000                                               
   1,   1, 634,  2.0000                                               
   1,   1, 635,  2.0000                                               
   1,   1, 636,  2.0000                                               
   1,   1, 637,  2.0000                                               
   1,   1, 638,  2.0000                                               
   1,   1, 639,  2.0000                                               
   1,   1, 640,  1.0000                                               
   1,   1, 641,  1.0000                                               
   1,   1, 642,  1.0000                                               
   1,   1, 643,  1.0000                                               
   1,   1, 644,  1.0000                                               
   1,   1, 645,  1.0000                                               
   1,   1, 646,  1.0000                                               
   1,   1, 647,  1.0000                                               
   1,   1, 648,  2.0000                                               
   1,   1, 649,  2.0000                                               
   1,   1, 650,  3.0000                                               
   1,   1, 651,  3.0000                                               
   1,   1, 652,  3.0000                                               
   1,   1, 653,  3.0000                                               
   1,   1, 654,  3.0000                                               
   1,   1, 655,  3.0000                                               
   1,   1, 656,  3.0000                                               
   1,   1, 657,  3.0000                                               
   1,   1, 658,  3.0000                                               
   1,   1, 659,  3.0000                                               
   1,   1, 660,  3.0000                                               
   1,   1, 661,  3.0000                                               
   1,   1, 662,  3.0000                                               
   1,   1, 663,  3.0000                                               
   1,   1, 664,  3.0000                                               
   1,   1, 665,  3.0000                                               
   1,   1, 666,  3.0000                                               
   1,   1, 667,  2.0000                                               
   1,   1, 668,  2.0000                                               
   1,   1, 669,  2.0000                                               
   1,   1, 670,  2.0000                                               
   1,   1, 671,  2.0000                                               
   1,   1, 672,  2.0000                                               
   1,   1, 673,  2.0000                                               
   1,   1, 674,  3.0000                                               
   1,   1, 675,  3.0000                                               
   1,   1, 676,  3.0000                                               
   1,   1, 677,  3.0000                                               
   1,   1, 678,  3.0000                                               
   1,   1, 679,  3.0000                                               
   1,   1, 680,  3.0000                                               
   1,   1, 681,  3.0000                                               
   1,   1, 682,  3.0000                                               
   1,   1, 683,  3.0000                                               
   1,   1, 684,  3.0000                                               
   1,   1, 685,  3.0000                                               
   1,   1, 686,  3.0000                                               
   1,   1, 687,  3.0000                                               
   1,   1, 688,  3.0000                                               
   1,   1, 689,  3.0000                                               
   1,   1, 690,  3.0000                                               
   1,   1, 691,  2.0000                                               
   1,   1, 692,  2.0000                                               
   1,   1, 693,  2.0000                                               
   1,   1, 694,  2.0000                                               
   1,   1, 695,  2.0000                                               
   1,   1, 696,  2.0000                                               
   1,   1, 697,  2.0000                                               
   1,   1, 698,  3.0000                                               
   1,   1, 699,  3.0000                                               
   1,   1, 700,  3.0000                                               
   1,   1, 701,  3.0000                                               
   1,   1, 702,  3.0000                                               
   1,   1, 703,  3.0000                                               
   1,   1, 704,  3.0000                                               
   1,   1, 705,  2.0000                                               
   1,   1, 706,  2.0000                                               
   1,   1, 707,  2.0000                                               
   1,   1, 708,  2.0000                                               
   1,   1, 709,  2.0000                                               
   1,   1, 710,  2.0000                                               
   1,   1, 711,  2.0000                                               
   1,   1, 712,  1.0000                                               
   1,   1, 713,  1.0000                                               
   1,   1, 714,  1.0000                                               
   1,   1, 715,  1.0000                                               
   1,   1, 716,  1.0000                                               
   1,   1, 717,  1.0000                                               
   1,   1, 718,  1.0000                                               
   1,   1, 719,  1.0000                                               
   1,   1, 720,  2.0000                                               
   1,   1, 721,  2.0000                                               
   1,   1, 722,  3.0000                                               
   1,   1, 723,  3.0000                                               
   1,   1, 724,  3.0000                                               
   1,   1, 725,  3.0000                                               
   1,   1, 726,  3.0000                                               
   1,   1, 727,  3.0000                                               
   1,   1, 728,  3.0000                                               
   1,   1, 729,  2.0000                                               
   1,   1, 730,  2.0000                                               
   1,   1, 731,  2.0000                                               
   1,   1, 732,  2.0000                                               
   1,   1, 733,  2.0000                                               
   1,   1, 734,  2.0000                                               
   1,   1, 735,  2.0000                                               
   1,   1, 736,  1.0000                                               
   1,   1, 737,  1.0000                                               
   1,   1, 738,  1.0000                                               
   1,   1, 739,  1.0000                                               
   1,   1, 740,  1.0000                                               
   1,   1, 741,  1.0000                                               
   1,   1, 742,  1.0000                                               
   1,   1, 743,  1.0000                                               
   1,   1, 744,  2.0000                                               
   2,   1,   1,  2.0000                                               
   2,   1,   2,  3.0000                                               
   2,   1,   3,  3.0000                                               
   2,   1,   4,  3.0000                                               
   2,   1,   5,  3.0000                                               
   2,   1,   6,  3.0000                                               
   2,   1,   7,  3.0000                                               
   2,   1,   8,  3.0000                                               
   2,   1,   9,  2.0000                                               
   2,   1,  10,  2.0000                                               
   2,   1,  11,  2.0000                                               
   2,   1,  12,  2.0000                                               
   2,   1,  13,  2.0000                                               
   2,   1,  14,  2.0000                                               
   2,   1,  15,  2.0000                                               
   2,   1,  16,  1.0000                                               
   2,   1,  17,  1.0000                                               
   2,   1,  18,  1.0000                                               
   2,   1,  19,  1.0000                                               
   2,   1,  20,  1.0000                                               
   2,   1,  21,  1.0000                                               
   2,   1,  22,  1.0000                                               
   2,   1,  23,  1.0000                                               
   2,   1,  24,  2.0000                                               
   2,   1,  25,  2.0000                                               
   2,   1,  26,  3.0000                                               
   2,   1,  27,  3.0000                                               
   2,   1,  28,  3.0000                                               
   2,   1,  29,  3.0000                                               
   2,   1,  30,  3.0000                                               
   2,   1,  31,  3.0000                                               
   2,   1,  32,  3.0000                                               
   2,   1,  33,  2.0000                                               
   2,   1,  34,  2.0000                                               
   2,   1,  35,  2.0000                                               
   2,   1,  36,  2.0000                                               
   2,   1,  37,  2.0000                                               
   2,   1,  38,  2.0000                                               
   2,   1,  39,  2.0000                                               
   2,   1,  40,  1.0000                                               
   2,   1,  41,  1.0000                                               
   2,   1,  42,  1.0000                                               
   2,   1,  43,  1.0000                                               
   2,   1,  44,  1.0000                                               
   2,   1,  45,  1.0000                                               
   2,   1,  46,  1.0000                                               
   2,   1,  47,  1.0000                                               
   2,   1,  48,  2.0000                                               
   2,   1,  49,  2.0000                                               
   2,   1,  50,  3.0000                                               
   2,   1,  51,  3.0000                                               
   2,   1,  52,  3.0000                                               
   2,   1,  53,  3.0000                                               
   2,   1,  54,  3.0000                                               
   2,   1,  55,  3.0000                                               
   2,   1,  56,  3.0000                                               
   2,   1,  57,  2.0000                                               
   2,   1,  58,  2.0000                                               
   2,   1,  59,  2.0000                                               
   2,   1,  60,  2.0000                                               
   2,   1,  61,  2.0000                                               
   2,   1,  62,  2.0000                                               
   2,   1,  63,  2.0000                                               
   2,   1,  64,  1.0000                                               
   2,   1,  65,  1.0000                                               
   2,   1,  66,  1.0000                                               
   2,   1,  67,  1.0000                                               
   2,   1,  68,  1.0000                                               
   2,   1,  69,  1.0000                                               
   2,   1,  70,  1.0000                                               
   2,   1,  71,  1.0000                                               
   2,   1,  72,  2.0000                                               
   2,   1,  73,  2.0000                                               
   2,   1,  74,  3.0000                                               
   2,   1,  75,  3.0000                                               
   2,   1,  76,  3.0000                                               
   2,   1,  77,  3.0000                                               
   2,   1,  78,  3.0000                                               
   2,   1,  79,  3.0000                                               
   2,   1,  80,  3.0000                                               
   2,   1,  81,  3.0000                                               
   2,   1,  82,  3.0000                                               
   2,   1,  83,  3.0000                                               
   2,   1,  84,  3.0000                                               
   2,   1,  85,  3.0000                                               
   2,   1,  86,  3.0000                                               
   2,   1,  87,  3.0000                                               
   2,   1,  88,  3.0000                                               
   2,   1,  89,  3.0000                                               
   2,   1,  90,  3.0000                                               
   2,   1,  91,  2.0000                                               
   2,   1,  92,  2.0000                                               
   2,   1,  93,  2.0000                                               
   2,   1,  94,  2.0000                                               
   2,   1,  95,  2.0000                                               
   2,   1,  96,  2.0000                                               
   2,   1,  97,  2.0000                                               
   2,   1,  98,  3.0000                                               
   2,   1,  99,  3.0000                                               
   2,   1, 100,  3.0000                                               
   2,   1, 101,  3.0000                                               
   2,   1, 102,  3.0000                                               
   2,   1, 103,  3.0000                                               
   2,   1, 104,  3.0000                                               
   2,   1, 105,  3.0000                                               
   2,   1, 106,  3.0000                                               
   2,   1, 107,  3.0000                                               
   2,   1, 108,  3.0000                                               
   2,   1, 109,  3.0000                                               
   2,   1, 110,  3.0000                                               
   2,   1, 111,  3.0000                                               
   2,   1, 112,  3.0000                                               
   2,   1, 113,  3.0000                                               
   2,   1, 114,  3.0000                                               
   2,   1, 115,  2.0000                                               
   2,   1, 116,  2.0000                                               
   2,   1, 117,  2.0000                                               
   2,   1, 118,  2.0000                                               
   2,   1, 119,  2.0000                                               
   2,   1, 120,  2.0000                                               
   2,   1, 121,  2.0000                                               
   2,   1, 122,  3.0000                                               
   2,   1, 123,  3.0000                                               
   2,   1, 124,  3.0000                                               
   2,   1, 125,  3.0000                                               
   2,   1, 126,  3.0000                                               
   2,   1, 127,  3.0000                                               
   2,   1, 128,  3.0000                                               
   2,   1, 129,  2.0000                                               
   2,   1, 130,  2.0000                                               
   2,   1, 131,  2.0000                                               
   2,   1, 132,  2.0000                                               
   2,   1, 133,  2.0000                                               
   2,   1, 134,  2.0000                                               
   2,   1, 135,  2.0000                                               
   2,   1, 136,  1.0000                                               
   2,   1, 137,  1.0000                                               
   2,   1, 138,  1.0000                                               
   2,   1, 139,  1.0000                                               
   2,   1, 140,  1.0000                                               
   2,   1, 141,  1.0000                                               
   2,   1, 142,  1.0000                                               
   2,   1, 143,  1.0000                                               
   2,   1, 144,  2.0000                                               
   2,   1, 145,  2.0000                                               
   2,   1, 146,  3.0000                                               
   2,   1, 147,  3.0000                                               
   2,   1, 148,  3.0000                                               
   2,   1, 149,  3.0000                                               
   2,   1, 150,  3.0000                                               
   2,   1, 151,  3.0000                                               
   2,   1, 152,  3.0000                                               
   2,   1, 153,  2.0000                                               
   2,   1, 154,  2.0000                                               
   2,   1, 155,  2.0000                                               
   2,   1, 156,  2.0000                                               
   2,   1, 157,  2.0000                                               
   2,   1, 158,  2.0000                                               
   2,   1, 159,  2.0000                                               
   2,   1, 160,  1.0000                                               
   2,   1, 161,  1.0000                                               
   2,   1, 162,  1.0000                                               
   2,   1, 163,  1.0000                                               
   2,   1, 164,  1.0000                                               
   2,   1, 165,  1.0000                                               
   2,   1, 166,  1.0000                                               
   2,   1, 167,  1.0000                                               
   2,   1, 168,  2.0000                                               
   2,   1, 169,  2.0000                                               
   2,   1, 170,  3.0000                                               
   2,   1, 171,  3.0000                                               
   2,   1, 172,  3.0000                                               
   2,   1, 173,  3.0000                                               
   2,   1, 174,  3.0000                                               
   2,   1, 175,  3.0000                                               
   2,   1, 176,  3.0000                                               
   2,   1, 177,  2.0000                                               
   2,   1, 178,  2.0000                                               
   2,   1, 179,  2.0000                                               
   2,   1, 180,  2.0000                                               
   2,   1, 181,  2.0000                                               
   2,   1, 182,  2.0000                                               
   2,   1, 183,  2.0000                                               
   2,   1, 184,  1.0000                                               
   2,   1, 185,  1.0000                                               
   2,   1, 186,  1.0000                                               
   2,   1, 187,  1.0000                                               
   2,   1, 188,  1.0000                                               
   2,   1, 189,  1.0000                                               
   2,   1, 190,  1.0000                                               
   2,   1, 191,  1.0000                                               
   2,   1, 192,  2.0000                                               
   2,   1, 193,  2.0000                                               
   2,   1, 194,  3.0000                                               
   2,   1, 195,  3.0000                                               
   2,   1, 196,  3.0000                                               
   2,   1, 197,  3.0000                                               
   2,   1, 198,  3.0000                                               
   2,   1, 199,  3.0000                                               
   2,   1, 200,  3.0000                                               
   2,   1, 201,  2.0000                                               
   2,   1, 202,  2.0000                                               
   2,   1, 203,  2.0000                                               
   2,   1, 204,  2.0000                                               
   2,   1, 205,  2.0000                                               
   2,   1, 206,  2.0000                                               
   2,   1, 207,  2.0000                                               
   2,   1, 208,  1.0000                                               
   2,   1, 209,  1.0000                                               
   2,   1, 210,  1.0000                                               
   2,   1, 211,  1.0000                                               
   2,   1, 212,  1.0000                                               
   2,   1, 213,  1.0000                                               
   2,   1, 214,  1.0000                                               
   2,   1, 215,  1.0000                                               
   2,   1, 216,  2.0000                                               
   2,   1, 217,  2.0000                                               
   2,   1, 218,  3.0000                                               
   2,   1, 219,  3.0000                                               
   2,   1, 220,  3.0000                                               
   2,   1, 221,  3.0000                                               
   2,   1, 222,  3.0000                                               
   2,   1, 223,  3.0000                                               
   2,   1, 224,  3.0000                                               
   2,   1, 225,  2.0000                                               
   2,   1, 226,  2.0000                                               
   2,   1, 227,  2.0000                                               
   2,   1, 228,  2.0000                                               
   2,   1, 229,  2.0000                                               
   2,   1, 230,  2.0000                                               
   2,   1, 231,  2.0000                                               
   2,   1, 232,  1.0000                                               
   2,   1, 233,  1.0000                                               
   2,   1, 234,  1.0000                                               
   2,   1, 235,  1.0000                                               
   2,   1, 236,  1.0000                                               
   2,   1, 237,  1.0000                                               
   2,   1, 238,  1.0000                                               
   2,   1, 239,  1.0000                                               
   2,   1, 240,  2.0000                                               
   2,   1, 241,  2.0000                                               
   2,   1, 242,  3.0000                                               
   2,   1, 243,  3.0000                                               
   2,   1, 244,  3.0000                                               
   2,   1, 245,  3.0000                                               
   2,   1, 246,  3.0000                                               
   2,   1, 247,  3.0000                                               
   2,   1, 248,  3.0000                                               
   2,   1, 249,  3.0000                                               
   2,   1, 250,  3.0000                                               
   2,   1, 251,  3.0000                                               
   2,   1, 252,  3.0000                                               
   2,   1, 253,  3.0000                                               
   2,   1, 254,  3.0000                                               
   2,   1, 255,  3.0000                                               
   2,   1, 256,  3.0000                                               
   2,   1, 257,  3.0000                                               
   2,   1, 258,  3.0000                                               
   2,   1, 259,  2.0000                                               
   2,   1, 260,  2.0000                                               
   2,   1, 261,  2.0000                                               
   2,   1, 262,  2.0000                                               
   2,   1, 263,  2.0000                                               
   2,   1, 264,  2.0000                                               
   2,   1, 265,  2.0000                                               
   2,   1, 266,  3.0000                                               
   2,   1, 267,  3.0000                                               
   2,   1, 268,  3.0000                                               
   2,   1, 269,  3.0000                                               
   2,   1, 270,  3.0000                                               
   2,   1, 271,  3.0000                                               
   2,   1, 272,  3.0000                                               
   2,   1, 273,  3.0000                                               
   2,   1, 274,  3.0000                                               
   2,   1, 275,  3.0000                                               
   2,   1, 276,  3.0000                                               
   2,   1, 277,  3.0000                                               
   2,   1, 278,  3.0000                                               
   2,   1, 279,  3.0000                                               
   2,   1, 280,  3.0000                                               
   2,   1, 281,  3.0000                                               
   2,   1, 282,  3.0000                                               
   2,   1, 283,  2.0000                                               
   2,   1, 284,  2.0000                                               
   2,   1, 285,  2.0000                                               
   2,   1, 286,  2.0000                                               
   2,   1, 287,  2.0000                                               
   2,   1, 288,  2.0000                                               
   2,   1, 289,  2.0000                                               
   2,   1, 290,  3.0000                                               
   2,   1, 291,  3.0000                                               
   2,   1, 292,  3.0000                                               
   2,   1, 293,  3.0000                                               
   2,   1, 294,  3.0000                                               
   2,   1, 295,  3.0000                                               
   2,   1, 296,  3.0000                                               
   2,   1, 297,  2.0000                                               
   2,   1, 298,  2.0000                                               
   2,   1, 299,  2.0000                                               
   2,   1, 300,  2.0000                                               
   2,   1, 301,  2.0000                                               
   2,   1, 302,  2.0000                                               
   2,   1, 303,  2.0000                                               
   2,   1, 304,  1.0000                                               
   2,   1, 305,  1.0000                                               
   2,   1, 306,  1.0000                                               
   2,   1, 307,  1.0000                                               
   2,   1, 308,  1.0000                                               
   2,   1, 309,  1.0000                                               
   2,   1, 310,  1.0000                                               
   2,   1, 311,  1.0000                                               
   2,   1, 312,  2.0000                                               
   2,   1, 313,  2.0000                                               
   2,   1, 314,  3.0000                                               
   2,   1, 315,  3.0000                                               
   2,   1, 316,  3.0000                                               
   2,   1, 317,  3.0000                                               
   2,   1, 318,  3.0000                                               
   2,   1, 319,  3.0000                                               
   2,   1, 320,  3.0000                                               
   2,   1, 321,  2.0000                                               
   2,   1, 322,  2.0000                                               
   2,   1, 323,  2.0000                                               
   2,   1, 324,  2.0000                                               
   2,   1, 325,  2.0000                                               
   2,   1, 326,  2.0000                                               
   2,   1, 327,  2.0000                                               
   2,   1, 328,  1.0000                                               
   2,   1, 329,  1.0000                                               
   2,   1, 330,  1.0000                                               
   2,   1, 331,  1.0000                                               
   2,   1, 332,  1.0000                                               
   2,   1, 333,  1.0000                                               
   2,   1, 334,  1.0000                                               
   2,   1, 335,  1.0000                                               
   2,   1, 336,  2.0000                                               
   2,   1, 337,  2.0000                                               
   2,   1, 338,  3.0000                                               
   2,   1, 339,  3.0000                                               
   2,   1, 340,  3.0000                                               
   2,   1, 341,  3.0000                                               
   2,   1, 342,  3.0000                                               
   2,   1, 343,  3.0000                                               
   2,   1, 344,  3.0000                                               
   2,   1, 345,  2.0000                                               
   2,   1, 346,  2.0000                                               
   2,   1, 347,  2.0000                                               
   2,   1, 348,  2.0000                                               
   2,   1, 349,  2.0000                                               
   2,   1, 350,  2.0000                                               
   2,   1, 351,  2.0000                                               
   2,   1, 352,  1.0000                                               
   2,   1, 353,  1.0000                                               
   2,   1, 354,  1.0000                                               
   2,   1, 355,  1.0000                                               
   2,   1, 356,  1.0000                                               
   2,   1, 357,  1.0000                                               
   2,   1, 358,  1.0000                                               
   2,   1, 359,  1.0000                                               
   2,   1, 360,  2.0000                                               
   2,   1, 361,  2.0000                                               
   2,   1, 362,  3.0000                                               
   2,   1, 363,  3.0000                                               
   2,   1, 364,  3.0000                                               
   2,   1, 365,  3.0000                                               
   2,   1, 366,  3.0000                                               
   2,   1, 367,  3.0000                                               
   2,   1, 368,  3.0000                                               
   2,   1, 369,  2.0000                                               
   2,   1, 370,  2.0000                                               
   2,   1, 371,  2.0000                                               
   2,   1, 372,  2.0000                                               
   2,   1, 373,  2.0000                                               
   2,   1, 374,  2.0000                                               
   2,   1, 375,  2.0000                                               
   2,   1, 376,  1.0000                                               
   2,   1, 377,  1.0000                                               
   2,   1, 378,  1.0000                                               
   2,   1, 379,  1.0000                                               
   2,   1, 380,  1.0000                                               
   2,   1, 381,  1.0000                                               
   2,   1, 382,  1.0000                                               
   2,   1, 383,  1.0000                                               
   2,   1, 384,  2.0000                                               
   2,   1, 385,  2.0000                                               
   2,   1, 386,  3.0000                                               
   2,   1, 387,  3.0000                                               
   2,   1, 388,  3.0000                                               
   2,   1, 389,  3.0000                                               
   2,   1, 390,  3.0000                                               
   2,   1, 391,  3.0000                                               
   2,   1, 392,  3.0000                                               
   2,   1, 393,  2.0000                                               
   2,   1, 394,  2.0000                                               
   2,   1, 395,  2.0000                                               
   2,   1, 396,  2.0000                                               
   2,   1, 397,  2.0000                                               
   2,   1, 398,  2.0000                                               
   2,   1, 399,  2.0000                                               
   2,   1, 400,  1.0000                                               
   2,   1, 401,  1.0000                                               
   2,   1, 402,  1.0000                                               
   2,   1, 403,  1.0000                                               
   2,   1, 404,  1.0000                                               
   2,   1, 405,  1.0000                                               
   2,   1, 406,  1.0000                                               
   2,   1, 407,  1.0000                                               
   2,   1, 408,  2.0000                                               
   2,   1, 409,  2.0000                                               
   2,   1, 410,  3.0000                                               
   2,   1, 411,  3.0000                                               
   2,   1, 412,  3.0000                                               
   2,   1, 413,  3.0000                                               
   2,   1, 414,  3.0000                                               
   2,   1, 415,  3.0000                                               
   2,   1, 416,  3.0000                                               
   2,   1, 417,  3.0000                                               
   2,   1, 418,  3.0000                                               
   2,   1, 419,  3.0000                                               
   2,   1, 420,  3.0000                                               
   2,   1, 421,  3.0000                                               
   2,   1, 422,  3.0000                                               
   2,   1, 423,  3.0000                                               
   2,   1, 424,  3.0000                                               
   2,   1, 425,  3.0000                                               
   2,   1, 426,  3.0000                                               
   2,   1, 427,  2.0000                                               
   2,   1, 428,  2.0000                                               
   2,   1, 429,  2.0000                                               
   2,   1, 430,  2.0000                                               
   2,   1, 431,  2.0000                                               
   2,   1, 432,  2.0000                                               
   2,   1, 433,  2.0000                                               
   2,   1, 434,  3.0000                                               
   2,   1, 435,  3.0000                                               
   2,   1, 436,  3.0000                                               
   2,   1, 437,  3.0000                                               
   2,   1, 438,  3.0000                                               
   2,   1, 439,  3.0000                                               
   2,   1, 440,  3.0000                                               
   2,   1, 441,  3.0000                                               
   2,   1, 442,  3.0000                                               
   2,   1, 443,  3.0000                                               
   2,   1, 444,  3.0000                                               
   2,   1, 445,  3.0000                                               
   2,   1, 446,  3.0000                                               
   2,   1, 447,  3.0000                                               
   2,   1, 448,  3.0000                                               
   2,   1, 449,  3.0000                                               
   2,   1, 450,  3.0000                                               
   2,   1, 451,  2.0000                                               
   2,   1, 452,  2.0000                                               
   2,   1, 453,  2.0000                                               
   2,   1, 454,  2.0000                                               
   2,   1, 455,  2.0000                                               
   2,   1, 456,  2.0000                                               
   2,   1, 457,  2.0000                                               
   2,   1, 458,  3.0000                                               
   2,   1, 459,  3.0000                                               
   2,   1, 460,  3.0000                                               
   2,   1, 461,  3.0000                                               
   2,   1, 462,  3.0000                                               
   2,   1, 463,  3.0000                                               
   2,   1, 464,  3.0000                                               
   2,   1, 465,  2.0000                                               
   2,   1, 466,  2.0000                                               
   2,   1, 467,  2.0000                                               
   2,   1, 468,  2.0000                                               
   2,   1, 469,  2.0000                                               
   2,   1, 470,  2.0000                                               
   2,   1, 471,  2.0000                                               
   2,   1, 472,  1.0000                                               
   2,   1, 473,  1.0000                                               
   2,   1, 474,  1.0000                                               
   2,   1, 475,  1.0000                                               
   2,   1, 476,  1.0000                                               
   2,   1, 477,  1.0000                                               
   2,   1, 478,  1.0000                                               
   2,   1, 479,  1.0000                                               
   2,   1, 480,  2.0000                                               
   2,   1, 481,  2.0000                                               
   2,   1, 482,  3.0000                                               
   2,   1, 483,  3.0000                                               
   2,   1, 484,  3.0000                                               
   2,   1, 485,  3.0000                                               
   2,   1, 486,  3.0000                                               
   2,   1, 487,  3.0000                                               
   2,   1, 488,  3.0000                                               
   2,   1, 489,  3.0000                                               
   2,   1, 490,  3.0000                                               
   2,   1, 491,  3.0000                                               
   2,   1, 492,  3.0000                                               
   2,   1, 493,  3.0000                                               
   2,   1, 494,  3.0000                                               
   2,   1, 495,  3.0000                                               
   2,   1, 496,  3.0000                                               
   2,   1, 497,  3.0000                                               
   2,   1, 498,  3.0000                                               
   2,   1, 499,  2.0000                                               
   2,   1, 500,  2.0000                                               
   2,   1, 501,  2.0000                                               
   2,   1, 502,  2.0000                                               
   2,   1, 503,  2.0000                                               
   2,   1, 504,  2.0000                                               
   2,   1, 505,  2.0000                                               
   2,   1, 506,  3.0000                                               
   2,   1, 507,  3.0000                                               
   2,   1, 508,  3.0000                                               
   2,   1, 509,  3.0000                                               
   2,   1, 510,  3.0000                                               
   2,   1, 511,  3.0000                                               
   2,   1, 512,  3.0000                                               
   2,   1, 513,  2.0000                                               
   2,   1, 514,  2.0000                                               
   2,   1, 515,  2.0000                                               
   2,   1, 516,  2.0000                                               
   2,   1, 517,  2.0000                                               
   2,   1, 518,  2.0000                                               
   2,   1, 519,  2.0000                                               
   2,   1, 520,  1.0000                                               
   2,   1, 521,  1.0000                                               
   2,   1, 522,  1.0000                                               
   2,   1, 523,  1.0000                                               
   2,   1, 524,  1.0000                                               
   2,   1, 525,  1.0000                                               
   2,   1, 526,  1.0000                                               
   2,   1, 527,  1.0000                                               
   2,   1, 528,  2.0000                                               
   2,   1, 529,  2.0000                                               
   2,   1, 530,  3.0000                                               
   2,   1, 531,  3.0000                                               
   2,   1, 532,  3.0000                                               
   2,   1, 533,  3.0000                                               
   2,   1, 534,  3.0000                                               
   2,   1, 535,  3.0000                                               
   2,   1, 536,  3.0000                                               
   2,   1, 537,  2.0000                                               
   2,   1, 538,  2.0000                                               
   2,   1, 539,  2.0000                                               
   2,   1, 540,  2.0000                                               
   2,   1, 541,  2.0000                                               
   2,   1, 542,  2.0000                                               
   2,   1, 543,  2.0000                                               
   2,   1, 544,  1.0000                                               
   2,   1, 545,  1.0000                                               
   2,   1, 546,  1.0000                                               
   2,   1, 547,  1.0000                                               
   2,   1, 548,  1.0000                                               
   2,   1, 549,  1.0000                                               
   2,   1, 550,  1.0000                                               
   2,   1, 551,  1.0000                                               
   2,   1, 552,  2.0000                                               
   2,   1, 553,  2.0000                                               
   2,   1, 554,  3.0000                                               
   2,   1, 555,  3.0000                                               
   2,   1, 556,  3.0000                                               
   2,   1, 557,  3.0000                                               
   2,   1, 558,  3.0000                                               
   2,   1, 559,  3.0000                                               
   2,   1, 560,  3.0000                                               
   2,   1, 561,  2.0000                                               
   2,   1, 562,  2.0000                                               
   2,   1, 563,  2.0000                                               
   2,   1, 564,  2.0000                                               
   2,   1, 565,  2.0000                                               
   2,   1, 566,  2.0000                                               
   2,   1, 567,  2.0000                                               
   2,   1, 568,  1.0000                                               
   2,   1, 569,  1.0000                                               
   2,   1, 570,  1.0000                                               
   2,   1, 571,  1.0000                                               
   2,   1, 572,  1.0000                                               
   2,   1, 573,  1.0000                                               
   2,   1, 574,  1.0000                                               
   2,   1, 575,  1.0000                                               
   2,   1, 576,  2.0000                                               
   2,   1, 577,  2.0000                                               
   2,   1, 578,  3.0000                                               
   2,   1, 579,  3.0000                                               
   2,   1, 580,  3.0000                                               
   2,   1, 581,  3.0000                                               
   2,   1, 582,  3.0000                                               
   2,   1, 583,  3.0000                                               
   2,   1, 584,  3.0000                                               
   2,   1, 585,  3.0000                                               
   2,   1, 586,  3.0000                                               
   2,   1, 587,  3.0000                                               
   2,   1, 588,  3.0000                                               
   2,   1, 589,  3.0000                                               
   2,   1, 590,  3.0000                                               
   2,   1, 591,  3.0000                                               
   2,   1, 592,  3.0000                                               
   2,   1, 593,  3.0000                                               
   2,   1, 594,  3.0000                                               
   2,   1, 595,  2.0000                                               
   2,   1, 596,  2.0000                                               
   2,   1, 597,  2.0000                                               
   2,   1, 598,  2.0000                                               
   2,   1, 599,  2.0000                                               
   2,   1, 600,  2.0000                                               
   2,   1, 601,  2.0000                                               
   2,   1, 602,  3.0000                                               
   2,   1, 603,  3.0000                                               
   2,   1, 604,  3.0000                                               
   2,   1, 605,  3.0000                                               
   2,   1, 606,  3.0000                                               
   2,   1, 607,  3.0000                                               
   2,   1, 608,  3.0000                                               
   2,   1, 609,  3.0000                                               
   2,   1, 610,  3.0000                                               
   2,   1, 611,  3.0000                                               
   2,   1, 612,  3.0000                                               
   2,   1, 613,  3.0000                                               
   2,   1, 614,  3.0000                                               
   2,   1, 615,  3.0000                                               
   2,   1, 616,  3.0000                                               
   2,   1, 617,  3.0000                                               
   2,   1, 618,  3.0000                                               
   2,   1, 619,  2.0000                                               
   2,   1, 620,  2.0000                                               
   2,   1, 621,  2.0000                                               
   2,   1, 622,  2.0000                                               
   2,   1, 623,  2.0000                                               
   2,   1, 624,  2.0000                                               
   2,   1, 625,  2.0000                                               
   2,   1, 626,  3.0000                                               
   2,   1, 627,  3.0000                                               
   2,   1, 628,  3.0000                                               
   2,   1, 629,  3.0000                                               
   2,   1, 630,  3.0000                                               
   2,   1, 631,  3.0000                                               
   2,   1, 632,  3.0000                                               
   2,   1, 633,  2.0000                                               
   2,   1, 634,  2.0000                                               
   2,   1, 635,  2.0000                                               
   2,   1, 636,  2.0000                                               
   2,   1, 637,  2.0000                                               
   2,   1, 638,  2.0000                                               
   2,   1, 639,  2.0000                                               
   2,   1, 640,  1.0000                                               
   2,   1, 641,  1.0000                                               
   2,   1, 642,  1.0000                                               
   2,   1, 643,  1.0000                                               
   2,   1, 644,  1.0000                                               
   2,   1, 645,  1.0000                                               
   2,   1, 646,  1.0000                                               
   2,   1, 647,  1.0000                                               
   2,   1, 648,  2.0000                                               
   2,   1, 649,  2.0000                                               
   2,   1, 650,  3.0000                                               
   2,   1, 651,  3.0000                                               
   2,   1, 652,  3.0000                                               
   2,   1, 653,  3.0000                                               
   2,   1, 654,  3.0000                                               
   2,   1, 655,  3.0000                                               
   2,   1, 656,  3.0000                                               
   2,   1, 657,  2.0000                                               
   2,   1, 658,  2.0000                                               
   2,   1, 659,  2.0000                                               
   2,   1, 660,  2.0000                                               
   2,   1, 661,  2.0000                                               
   2,   1, 662,  2.0000                                               
   2,   1, 663,  2.0000                                               
   2,   1, 664,  1.0000                                               
   2,   1, 665,  1.0000                                               
   2,   1, 666,  1.0000                                               
   2,   1, 667,  1.0000                                               
   2,   1, 668,  1.0000                                               
   2,   1, 669,  1.0000                                               
   2,   1, 670,  1.0000                                               
   2,   1, 671,  1.0000                                               
   2,   1, 672,  2.0000                                               
   3,   1,   1,  2.0000                                               
   3,   1,   2,  3.0000                                               
   3,   1,   3,  3.0000                                               
   3,   1,   4,  3.0000                                               
   3,   1,   5,  3.0000                                               
   3,   1,   6,  3.0000                                               
   3,   1,   7,  3.0000                                               
   3,   1,   8,  3.0000                                               
   3,   1,   9,  2.0000                                               
   3,   1,  10,  2.0000                                               
   3,   1,  11,  2.0000                                               
   3,   1,  12,  2.0000                                               
   3,   1,  13,  2.0000                                               
   3,   1,  14,  2.0000                                               
   3,   1,  15,  2.0000                                               
   3,   1,  16,  1.0000                                               
   3,   1,  17,  1.0000                                               
   3,   1,  18,  1.0000                                               
   3,   1,  19,  1.0000                                               
   3,   1,  20,  1.0000                                               
   3,   1,  21,  1.0000                                               
   3,   1,  22,  1.0000                                               
   3,   1,  23,  1.0000                                               
   3,   1,  24,  2.0000                                               
   3,   1,  25,  2.0000                                               
   3,   1,  26,  3.0000                                               
   3,   1,  27,  3.0000                                               
   3,   1,  28,  3.0000                                               
   3,   1,  29,  3.0000                                               
   3,   1,  30,  3.0000                                               
   3,   1,  31,  3.0000                                               
   3,   1,  32,  3.0000                                               
   3,   1,  33,  2.0000                                               
   3,   1,  34,  2.0000                                               
   3,   1,  35,  2.0000                                               
   3,   1,  36,  2.0000                                               
   3,   1,  37,  2.0000                                               
   3,   1,  38,  2.0000                                               
   3,   1,  39,  2.0000                                               
   3,   1,  40,  1.0000                                               
   3,   1,  41,  1.0000                                               
   3,   1,  42,  1.0000                                               
   3,   1,  43,  1.0000                                               
   3,   1,  44,  1.0000                                               
   3,   1,  45,  1.0000                                               
   3,   1,  46,  1.0000                                               
   3,   1,  47,  1.0000                                               
   3,   1,  48,  2.0000                                               
   3,   1,  49,  2.0000                                               
   3,   1,  50,  3.0000                                               
   3,   1,  51,  3.0000                                               
   3,   1,  52,  3.0000                                               
   3,   1,  53,  3.0000                                               
   3,   1,  54,  3.0000                                               
   3,   1,  55,  3.0000                                               
   3,   1,  56,  3.0000                                               
   3,   1,  57,  2.0000                                               
   3,   1,  58,  2.0000                                               
   3,   1,  59,  2.0000                                               
   3,   1,  60,  2.0000                                               
   3,   1,  61,  2.0000                                               
   3,   1,  62,  2.0000                                               
   3,   1,  63,  2.0000                                               
   3,   1,  64,  1.0000                                               
   3,   1,  65,  1.0000                                               
   3,   1,  66,  1.0000                                               
   3,   1,  67,  1.0000                                               
   3,   1,  68,  1.0000                                               
   3,   1,  69,  1.0000                                               
   3,   1,  70,  1.0000                                               
   3,   1,  71,  1.0000                                               
   3,   1,  72,  2.0000                                               
   3,   1,  73,  2.0000                                               
   3,   1,  74,  3.0000                                               
   3,   1,  75,  3.0000                                               
   3,   1,  76,  3.0000                                               
   3,   1,  77,  3.0000                                               
   3,   1,  78,  3.0000                                               
   3,   1,  79,  3.0000                                               
   3,   1,  80,  3.0000                                               
   3,   1,  81,  3.0000                                               
   3,   1,  82,  3.0000                                               
   3,   1,  83,  3.0000                                               
   3,   1,  84,  3.0000                                               
   3,   1,  85,  3.0000                                               
   3,   1,  86,  3.0000                                               
   3,   1,  87,  3.0000                                               
   3,   1,  88,  3.0000                                               
   3,   1,  89,  3.0000                                               
   3,   1,  90,  3.0000                                               
   3,   1,  91,  2.0000                                               
   3,   1,  92,  2.0000                                               
   3,   1,  93,  2.0000                                               
   3,   1,  94,  2.0000                                               
   3,   1,  95,  2.0000                                               
   3,   1,  96,  2.0000                                               
   3,   1,  97,  2.0000                                               
   3,   1,  98,  3.0000                                               
   3,   1,  99,  3.0000                                               
   3,   1, 100,  3.0000                                               
   3,   1, 101,  3.0000                                               
   3,   1, 102,  3.0000                                               
   3,   1, 103,  3.0000                                               
   3,   1, 104,  3.0000                                               
   3,   1, 105,  3.0000                                               
   3,   1, 106,  3.0000                                               
   3,   1, 107,  3.0000                                               
   3,   1, 108,  3.0000                                               
   3,   1, 109,  3.0000                                               
   3,   1, 110,  3.0000                                               
   3,   1, 111,  3.0000                                               
   3,   1, 112,  3.0000                                               
   3,   1, 113,  3.0000                                               
   3,   1, 114,  3.0000                                               
   3,   1, 115,  2.0000                                               
   3,   1, 116,  2.0000                                               
   3,   1, 117,  2.0000                                               
   3,   1, 118,  2.0000                                               
   3,   1, 119,  2.0000                                               
   3,   1, 120,  2.0000                                               
   3,   1, 121,  2.0000                                               
   3,   1, 122,  3.0000                                               
   3,   1, 123,  3.0000                                               
   3,   1, 124,  3.0000                                               
   3,   1, 125,  3.0000                                               
   3,   1, 126,  3.0000                                               
   3,   1, 127,  3.0000                                               
   3,   1, 128,  3.0000                                               
   3,   1, 129,  2.0000                                               
   3,   1, 130,  2.0000                                               
   3,   1, 131,  2.0000                                               
   3,   1, 132,  2.0000                                               
   3,   1, 133,  2.0000                                               
   3,   1, 134,  2.0000                                               
   3,   1, 135,  2.0000                                               
   3,   1, 136,  1.0000                                               
   3,   1, 137,  1.0000                                               
   3,   1, 138,  1.0000                                               
   3,   1, 139,  1.0000                                               
   3,   1, 140,  1.0000                                               
   3,   1, 141,  1.0000                                               
   3,   1, 142,  1.0000                                               
   3,   1, 143,  1.0000                                               
   3,   1, 144,  2.0000                                               
   3,   1, 145,  2.0000                                               
   3,   1, 146,  3.0000                                               
   3,   1, 147,  3.0000                                               
   3,   1, 148,  3.0000                                               
   3,   1, 149,  3.0000                                               
   3,   1, 150,  3.0000                                               
   3,   1, 151,  3.0000                                               
   3,   1, 152,  3.0000                                               
   3,   1, 153,  2.0000                                               
   3,   1, 154,  2.0000                                               
   3,   1, 155,  2.0000                                               
   3,   1, 156,  2.0000                                               
   3,   1, 157,  2.0000                                               
   3,   1, 158,  2.0000                                               
   3,   1, 159,  2.0000                                               
   3,   1, 160,  1.0000                                               
   3,   1, 161,  1.0000                                               
   3,   1, 162,  1.0000                                               
   3,   1, 163,  1.0000                                               
   3,   1, 164,  1.0000                                               
   3,   1, 165,  1.0000                                               
   3,   1, 166,  1.0000                                               
   3,   1, 167,  1.0000                                               
   3,   1, 168,  2.0000                                               
   3,   1, 169,  2.0000                                               
   3,   1, 170,  3.0000                                               
   3,   1, 171,  3.0000                                               
   3,   1, 172,  3.0000                                               
   3,   1, 173,  3.0000                                               
   3,   1, 174,  3.0000                                               
   3,   1, 175,  3.0000                                               
   3,   1, 176,  3.0000                                               
   3,   1, 177,  2.0000                                               
   3,   1, 178,  2.0000                                               
   3,   1, 179,  2.0000                                               
   3,   1, 180,  2.0000                                               
   3,   1, 181,  2.0000                                               
   3,   1, 182,  2.0000                                               
   3,   1, 183,  2.0000                                               
   3,   1, 184,  1.0000                                               
   3,   1, 185,  1.0000                                               
   3,   1, 186,  1.0000                                               
   3,   1, 187,  1.0000                                               
   3,   1, 188,  1.0000                                               
   3,   1, 189,  1.0000                                               
   3,   1, 190,  1.0000                                               
   3,   1, 191,  1.0000                                               
   3,   1, 192,  2.0000                                               
   3,   1, 193,  2.0000                                               
   3,   1, 194,  3.0000                                               
   3,   1, 195,  3.0000                                               
   3,   1, 196,  3.0000                                               
   3,   1, 197,  3.0000                                               
   3,   1, 198,  3.0000                                               
   3,   1, 199,  3.0000                                               
   3,   1, 200,  3.0000                                               
   3,   1, 201,  2.0000                                               
   3,   1, 202,  2.0000                                               
   3,   1, 203,  2.0000                                               
   3,   1, 204,  2.0000                                               
   3,   1, 205,  2.0000                                               
   3,   1, 206,  2.0000                                               
   3,   1, 207,  2.0000                                               
   3,   1, 208,  1.0000                                               
   3,   1, 209,  1.0000                                               
   3,   1, 210,  1.0000                                               
   3,   1, 211,  1.0000                                               
   3,   1, 212,  1.0000                                               
   3,   1, 213,  1.0000                                               
   3,   1, 214,  1.0000                                               
   3,   1, 215,  1.0000                                               
   3,   1, 216,  2.0000                                               
   3,   1, 217,  2.0000                                               
   3,   1, 218,  3.0000                                               
   3,   1, 219,  3.0000                                               
   3,   1, 220,  3.0000                                               
   3,   1, 221,  3.0000                                               
   3,   1, 222,  3.0000                                               
   3,   1, 223,  3.0000                                               
   3,   1, 224,  3.0000                                               
   3,   1, 225,  2.0000                                               
   3,   1, 226,  2.0000                                               
   3,   1, 227,  2.0000                                               
   3,   1, 228,  2.0000                                               
   3,   1, 229,  2.0000                                               
   3,   1, 230,  2.0000                                               
   3,   1, 231,  2.0000                                               
   3,   1, 232,  1.0000                                               
   3,   1, 233,  1.0000                                               
   3,   1, 234,  1.0000                                               
   3,   1, 235,  1.0000                                               
   3,   1, 236,  1.0000                                               
   3,   1, 237,  1.0000                                               
   3,   1, 238,  1.0000                                               
   3,   1, 239,  1.0000                                               
   3,   1, 240,  2.0000                                               
   3,   1, 241,  2.0000                                               
   3,   1, 242,  3.0000                                               
   3,   1, 243,  3.0000                                               
   3,   1, 244,  3.0000                                               
   3,   1, 245,  3.0000                                               
   3,   1, 246,  3.0000                                               
   3,   1, 247,  3.0000                                               
   3,   1, 248,  3.0000                                               
   3,   1, 249,  3.0000                                               
   3,   1, 250,  3.0000                                               
   3,   1, 251,  3.0000                                               
   3,   1, 252,  3.0000                                               
   3,   1, 253,  3.0000                                               
   3,   1, 254,  3.0000                                               
   3,   1, 255,  3.0000                                               
   3,   1, 256,  3.0000                                               
   3,   1, 257,  3.0000                                               
   3,   1, 258,  3.0000                                               
   3,   1, 259,  2.0000                                               
   3,   1, 260,  2.0000                                               
   3,   1, 261,  2.0000                                               
   3,   1, 262,  2.0000                                               
   3,   1, 263,  2.0000                                               
   3,   1, 264,  2.0000                                               
   3,   1, 265,  2.0000                                               
   3,   1, 266,  3.0000                                               
   3,   1, 267,  3.0000                                               
   3,   1, 268,  3.0000                                               
   3,   1, 269,  3.0000                                               
   3,   1, 270,  3.0000                                               
   3,   1, 271,  3.0000                                               
   3,   1, 272,  3.0000                                               
   3,   1, 273,  3.0000                                               
   3,   1, 274,  3.0000                                               
   3,   1, 275,  3.0000                                               
   3,   1, 276,  3.0000                                               
   3,   1, 277,  3.0000                                               
   3,   1, 278,  3.0000                                               
   3,   1, 279,  3.0000                                               
   3,   1, 280,  3.0000                                               
   3,   1, 281,  3.0000                                               
   3,   1, 282,  3.0000                                               
   3,   1, 283,  2.0000                                               
   3,   1, 284,  2.0000                                               
   3,   1, 285,  2.0000                                               
   3,   1, 286,  2.0000                                               
   3,   1, 287,  2.0000                                               
   3,   1, 288,  2.0000                                               
   3,   1, 289,  2.0000                                               
   3,   1, 290,  3.0000                                               
   3,   1, 291,  3.0000                                               
   3,   1, 292,  3.0000                                               
   3,   1, 293,  3.0000                                               
   3,   1, 294,  3.0000                                               
   3,   1, 295,  3.0000                                               
   3,   1, 296,  3.0000                                               
   3,   1, 297,  2.0000                                               
   3,   1, 298,  2.0000                                               
   3,   1, 299,  2.0000                                               
   3,   1, 300,  2.0000                                               
   3,   1, 301,  2.0000                                               
   3,   1, 302,  2.0000                                               
   3,   1, 303,  2.0000                                               
   3,   1, 304,  1.0000                                               
   3,   1, 305,  1.0000                                               
   3,   1, 306,  1.0000                                               
   3,   1, 307,  1.0000                                               
   3,   1, 308,  1.0000                                               
   3,   1, 309,  1.0000                                               
   3,   1, 310,  1.0000                                               
   3,   1, 311,  1.0000                                               
   3,   1, 312,  2.0000                                               
   3,   1, 313,  2.0000                                               
   3,   1, 314,  3.0000                                               
   3,   1, 315,  3.0000                                               
   3,   1, 316,  3.0000                                               
   3,   1, 317,  3.0000                                               
   3,   1, 318,  3.0000                                               
   3,   1, 319,  3.0000                                               
   3,   1, 320,  3.0000                                               
   3,   1, 321,  2.0000                                               
   3,   1, 322,  2.0000                                               
   3,   1, 323,  2.0000                                               
   3,   1, 324,  2.0000                                               
   3,   1, 325,  2.0000                                               
   3,   1, 326,  2.0000                                               
   3,   1, 327,  2.0000                                               
   3,   1, 328,  1.0000                                               
   3,   1, 329,  1.0000                                               
   3,   1, 330,  1.0000                                               
   3,   1, 331,  1.0000                                               
   3,   1, 332,  1.0000                                               
   3,   1, 333,  1.0000                                               
   3,   1, 334,  1.0000                                               
   3,   1, 335,  1.0000                                               
   3,   1, 336,  2.0000                                               
   3,   1, 337,  2.0000                                               
   3,   1, 338,  3.0000                                               
   3,   1, 339,  3.0000                                               
   3,   1, 340,  3.0000                                               
   3,   1, 341,  3.0000                                               
   3,   1, 342,  3.0000                                               
   3,   1, 343,  3.0000                                               
   3,   1, 344,  3.0000                                               
   3,   1, 345,  2.0000                                               
   3,   1, 346,  2.0000                                               
   3,   1, 347,  2.0000                                               
   3,   1, 348,  2.0000                                               
   3,   1, 349,  2.0000                                               
   3,   1, 350,  2.0000                                               
   3,   1, 351,  2.0000                                               
   3,   1, 352,  1.0000                                               
   3,   1, 353,  1.0000                                               
   3,   1, 354,  1.0000                                               
   3,   1, 355,  1.0000                                               
   3,   1, 356,  1.0000                                               
   3,   1, 357,  1.0000                                               
   3,   1, 358,  1.0000                                               
   3,   1, 359,  1.0000                                               
   3,   1, 360,  2.0000                                               
   3,   1, 361,  2.0000                                               
   3,   1, 362,  3.0000                                               
   3,   1, 363,  3.0000                                               
   3,   1, 364,  3.0000                                               
   3,   1, 365,  3.0000                                               
   3,   1, 366,  3.0000                                               
   3,   1, 367,  3.0000                                               
   3,   1, 368,  3.0000                                               
   3,   1, 369,  2.0000                                               
   3,   1, 370,  2.0000                                               
   3,   1, 371,  2.0000                                               
   3,   1, 372,  2.0000                                               
   3,   1, 373,  2.0000                                               
   3,   1, 374,  2.0000                                               
   3,   1, 375,  2.0000                                               
   3,   1, 376,  1.0000                                               
   3,   1, 377,  1.0000                                               
   3,   1, 378,  1.0000                                               
   3,   1, 379,  1.0000                                               
   3,   1, 380,  1.0000                                               
   3,   1, 381,  1.0000                                               
   3,   1, 382,  1.0000                                               
   3,   1, 383,  1.0000                                               
   3,   1, 384,  2.0000                                               
   3,   1, 385,  2.0000                                               
   3,   1, 386,  3.0000                                               
   3,   1, 387,  3.0000                                               
   3,   1, 388,  3.0000                                               
   3,   1, 389,  3.0000                                               
   3,   1, 390,  3.0000                                               
   3,   1, 391,  3.0000                                               
   3,   1, 392,  3.0000                                               
   3,   1, 393,  2.0000                                               
   3,   1, 394,  2.0000                                               
   3,   1, 395,  2.0000                                               
   3,   1, 396,  2.0000                                               
   3,   1, 397,  2.0000                                               
   3,   1, 398,  2.0000                                               
   3,   1, 399,  2.0000                                               
   3,   1, 400,  1.0000                                               
   3,   1, 401,  1.0000                                               
   3,   1, 402,  1.0000                                               
   3,   1, 403,  1.0000                                               
   3,   1, 404,  1.0000                                               
   3,   1, 405,  1.0000                                               
   3,   1, 406,  1.0000                                               
   3,   1, 407,  1.0000                                               
   3,   1, 408,  2.0000                                               
   3,   1, 409,  2.0000                                               
   3,   1, 410,  3.0000                                               
   3,   1, 411,  3.0000                                               
   3,   1, 412,  3.0000                                               
   3,   1, 413,  3.0000                                               
   3,   1, 414,  3.0000                                               
   3,   1, 415,  3.0000                                               
   3,   1, 416,  3.0000                                               
   3,   1, 417,  3.0000                                               
   3,   1, 418,  3.0000                                               
   3,   1, 419,  3.0000                                               
   3,   1, 420,  3.0000                                               
   3,   1, 421,  3.0000                                               
   3,   1, 422,  3.0000                                               
   3,   1, 423,  3.0000                                               
   3,   1, 424,  3.0000                                               
   3,   1, 425,  3.0000                                               
   3,   1, 426,  3.0000                                               
   3,   1, 427,  2.0000                                               
   3,   1, 428,  2.0000                                               
   3,   1, 429,  2.0000                                               
   3,   1, 430,  2.0000                                               
   3,   1, 431,  2.0000                                               
   3,   1, 432,  2.0000                                               
   3,   1, 433,  2.0000                                               
   3,   1, 434,  3.0000                                               
   3,   1, 435,  3.0000                                               
   3,   1, 436,  3.0000                                               
   3,   1, 437,  3.0000                                               
   3,   1, 438,  3.0000                                               
   3,   1, 439,  3.0000                                               
   3,   1, 440,  3.0000                                               
   3,   1, 441,  3.0000                                               
   3,   1, 442,  3.0000                                               
   3,   1, 443,  3.0000                                               
   3,   1, 444,  3.0000                                               
   3,   1, 445,  3.0000                                               
   3,   1, 446,  3.0000                                               
   3,   1, 447,  3.0000                                               
   3,   1, 448,  3.0000                                               
   3,   1, 449,  3.0000                                               
   3,   1, 450,  3.0000                                               
   3,   1, 451,  2.0000                                               
   3,   1, 452,  2.0000                                               
   3,   1, 453,  2.0000                                               
   3,   1, 454,  2.0000                                               
   3,   1, 455,  2.0000                                               
   3,   1, 456,  2.0000                                               
   3,   1, 457,  2.0000                                               
   3,   1, 458,  3.0000                                               
   3,   1, 459,  3.0000                                               
   3,   1, 460,  3.0000                                               
   3,   1, 461,  3.0000                                               
   3,   1, 462,  3.0000                                               
   3,   1, 463,  3.0000                                               
   3,   1, 464,  3.0000                                               
   3,   1, 465,  2.0000                                               
   3,   1, 466,  2.0000                                               
   3,   1, 467,  2.0000                                               
   3,   1, 468,  2.0000                                               
   3,   1, 469,  2.0000                                               
   3,   1, 470,  2.0000                                               
   3,   1, 471,  2.0000                                               
   3,   1, 472,  1.0000                                               
   3,   1, 473,  1.0000                                               
   3,   1, 474,  1.0000                                               
   3,   1, 475,  1.0000                                               
   3,   1, 476,  1.0000                                               
   3,   1, 477,  1.0000                                               
   3,   1, 478,  1.0000                                               
   3,   1, 479,  1.0000                                               
   3,   1, 480,  2.0000                                               
   3,   1, 481,  2.0000                                               
   3,   1, 482,  3.0000                                               
   3,   1, 483,  3.0000                                               
   3,   1, 484,  3.0000                                               
   3,   1, 485,  3.0000                                               
   3,   1, 486,  3.0000                                               
   3,   1, 487,  3.0000                                               
   3,   1, 488,  3.0000                                               
   3,   1, 489,  2.0000                                               
   3,   1, 490,  2.0000                                               
   3,   1, 491,  2.0000                                               
   3,   1, 492,  2.0000                                               
   3,   1, 493,  2.0000                                               
   3,   1, 494,  2.0000                                               
   3,   1, 495,  2.0000                                               
   3,   1, 496,  1.0000                                               
   3,   1, 497,  1.0000                                               
   3,   1, 498,  1.0000                                               
   3,   1, 499,  1.0000                                               
   3,   1, 500,  1.0000                                               
   3,   1, 501,  1.0000                                               
   3,   1, 502,  1.0000                                               
   3,   1, 503,  1.0000                                               
   3,   1, 504,  2.0000                                               
   3,   1, 505,  2.0000                                               
   3,   1, 506,  3.0000                                               
   3,   1, 507,  3.0000                                               
   3,   1, 508,  3.0000                                               
   3,   1, 509,  3.0000                                               
   3,   1, 510,  3.0000                                               
   3,   1, 511,  3.0000                                               
   3,   1, 512,  3.0000                                               
   3,   1, 513,  2.0000                                               
   3,   1, 514,  2.0000                                               
   3,   1, 515,  2.0000                                               
   3,   1, 516,  2.0000                                               
   3,   1, 517,  2.0000                                               
   3,   1, 518,  2.0000                                               
   3,   1, 519,  2.0000                                               
   3,   1, 520,  1.0000                                               
   3,   1, 521,  1.0000                                               
   3,   1, 522,  1.0000                                               
   3,   1, 523,  1.0000                                               
   3,   1, 524,  1.0000                                               
   3,   1, 525,  1.0000                                               
   3,   1, 526,  1.0000                                               
   3,   1, 527,  1.0000                                               
   3,   1, 528,  2.0000                                               
   3,   1, 529,  2.0000                                               
   3,   1, 530,  3.0000                                               
   3,   1, 531,  3.0000                                               
   3,   1, 532,  3.0000                                               
   3,   1, 533,  3.0000                                               
   3,   1, 534,  3.0000                                               
   3,   1, 535,  3.0000                                               
   3,   1, 536,  3.0000                                               
   3,   1, 537,  2.0000                                               
   3,   1, 538,  2.0000                                               
   3,   1, 539,  2.0000                                               
   3,   1, 540,  2.0000                                               
   3,   1, 541,  2.0000                                               
   3,   1, 542,  2.0000                                               
   3,   1, 543,  2.0000                                               
   3,   1, 544,  1.0000                                               
   3,   1, 545,  1.0000                                               
   3,   1, 546,  1.0000                                               
   3,   1, 547,  1.0000                                               
   3,   1, 548,  1.0000                                               
   3,   1, 549,  1.0000                                               
   3,   1, 550,  1.0000                                               
   3,   1, 551,  1.0000                                               
   3,   1, 552,  2.0000                                               
   3,   1, 553,  2.0000                                               
   3,   1, 554,  3.0000                                               
   3,   1, 555,  3.0000                                               
   3,   1, 556,  3.0000                                               
   3,   1, 557,  3.0000                                               
   3,   1, 558,  3.0000                                               
   3,   1, 559,  3.0000                                               
   3,   1, 560,  3.0000                                               
   3,   1, 561,  2.0000                                               
   3,   1, 562,  2.0000                                               
   3,   1, 563,  2.0000                                               
   3,   1, 564,  2.0000                                               
   3,   1, 565,  2.0000                                               
   3,   1, 566,  2.0000                                               
   3,   1, 567,  2.0000                                               
   3,   1, 568,  1.0000                                               
   3,   1, 569,  1.0000                                               
   3,   1, 570,  1.0000                                               
   3,   1, 571,  1.0000                                               
   3,   1, 572,  1.0000                                               
   3,   1, 573,  1.0000                                               
   3,   1, 574,  1.0000                                               
   3,   1, 575,  1.0000                                               
   3,   1, 576,  2.0000                                               
   3,   1, 577,  2.0000                                               
   3,   1, 578,  3.0000                                               
   3,   1, 579,  3.0000                                               
   3,   1, 580,  3.0000                                               
   3,   1, 581,  3.0000                                               
   3,   1, 582,  3.0000                                               
   3,   1, 583,  3.0000                                               
   3,   1, 584,  3.0000                                               
   3,   1, 585,  3.0000                                               
   3,   1, 586,  3.0000                                               
   3,   1, 587,  3.0000                                               
   3,   1, 588,  3.0000                                               
   3,   1, 589,  3.0000                                               
   3,   1, 590,  3.0000                                               
   3,   1, 591,  3.0000                                               
   3,   1, 592,  3.0000                                               
   3,   1, 593,  3.0000                                               
   3,   1, 594,  3.0000                                               
   3,   1, 595,  2.0000                                               
   3,   1, 596,  2.0000                                               
   3,   1, 597,  2.0000                                               
   3,   1, 598,  2.0000                                               
   3,   1, 599,  2.0000                                               
   3,   1, 600,  2.0000                                               
   3,   1, 601,  2.0000                                               
   3,   1, 602,  3.0000                                               
   3,   1, 603,  3.0000                                               
   3,   1, 604,  3.0000                                               
   3,   1, 605,  3.0000                                               
   3,   1, 606,  3.0000                                               
   3,   1, 607,  3.0000                                               
   3,   1, 608,  3.0000                                               
   3,   1, 609,  3.0000                                               
   3,   1, 610,  3.0000                                               
   3,   1, 611,  3.0000                                               
   3,   1, 612,  3.0000                                               
   3,   1, 613,  3.0000                                               
   3,   1, 614,  3.0000                                               
   3,   1, 615,  3.0000                                               
   3,   1, 616,  3.0000                                               
   3,   1, 617,  3.0000                                               
   3,   1, 618,  3.0000                                               
   3,   1, 619,  2.0000                                               
   3,   1, 620,  2.0000                                               
   3,   1, 621,  2.0000                                               
   3,   1, 622,  2.0000                                               
   3,   1, 623,  2.0000                                               
   3,   1, 624,  2.0000                                               
   3,   1, 625,  2.0000                                               
   3,   1, 626,  3.0000                                               
   3,   1, 627,  3.0000                                               
   3,   1, 628,  3.0000                                               
   3,   1, 629,  3.0000                                               
   3,   1, 630,  3.0000                                               
   3,   1, 631,  3.0000                                               
   3,   1, 632,  3.0000                                               
   3,   1, 633,  2.0000                                               
   3,   1, 634,  2.0000                                               
   3,   1, 635,  2.0000                                               
   3,   1, 636,  2.0000                                               
   3,   1, 637,  2.0000                                               
   3,   1, 638,  2.0000                                               
   3,   1, 639,  2.0000                                               
   3,   1, 640,  1.0000                                               
   3,   1, 641,  1.0000                                               
   3,   1, 642,  1.0000                                               
   3,   1, 643,  1.0000                                               
   3,   1, 644,  1.0000                                               
   3,   1, 645,  1.0000                                               
   3,   1, 646,  1.0000                                               
   3,   1, 647,  1.0000                                               
   3,   1, 648,  2.0000                                               
   3,   1, 649,  2.0000                                               
   3,   1, 650,  3.0000                                               
   3,   1, 651,  3.0000                                               
   3,   1, 652,  3.0000                                               
   3,   1, 653,  3.0000                                               
   3,   1, 654,  3.0000                                               
   3,   1, 655,  3.0000                                               
   3,   1, 656,  3.0000                                               
   3,   1, 657,  2.0000                                               
   3,   1, 658,  2.0000                                               
   3,   1, 659,  2.0000                                               
   3,   1, 660,  2.0000                                               
   3,   1, 661,  2.0000                                               
   3,   1, 662,  2.0000                                               
   3,   1, 663,  2.0000                                               
   3,   1, 664,  1.0000                                               
   3,   1, 665,  1.0000                                               
   3,   1, 666,  1.0000                                               
   3,   1, 667,  1.0000                                               
   3,   1, 668,  1.0000                                               
   3,   1, 669,  1.0000                                               
   3,   1, 670,  1.0000                                               
   3,   1, 671,  1.0000                                               
   3,   1, 672,  2.0000                                               
   3,   1, 673,  2.0000                                               
   3,   1, 674,  3.0000                                               
   3,   1, 675,  3.0000                                               
   3,   1, 676,  3.0000                                               
   3,   1, 677,  3.0000                                               
   3,   1, 678,  3.0000                                               
   3,   1, 679,  3.0000                                               
   3,   1, 680,  3.0000                                               
   3,   1, 681,  2.0000                                               
   3,   1, 682,  2.0000                                               
   3,   1, 683,  2.0000                                               
   3,   1, 684,  2.0000                                               
   3,   1, 685,  2.0000                                               
   3,   1, 686,  2.0000                                               
   3,   1, 687,  2.0000                                               
   3,   1, 688,  1.0000                                               
   3,   1, 689,  1.0000                                               
   3,   1, 690,  1.0000                                               
   3,   1, 691,  1.0000                                               
   3,   1, 692,  1.0000                                               
   3,   1, 693,  1.0000                                               
   3,   1, 694,  1.0000                                               
   3,   1, 695,  1.0000                                               
   3,   1, 696,  2.0000                                               
   3,   1, 697,  2.0000                                               
   3,   1, 698,  3.0000                                               
   3,   1, 699,  3.0000                                               
   3,   1, 700,  3.0000                                               
   3,   1, 701,  3.0000                                               
   3,   1, 702,  3.0000                                               
   3,   1, 703,  3.0000                                               
   3,   1, 704,  3.0000                                               
   3,   1, 705,  2.0000                                               
   3,   1, 706,  2.0000                                               
   3,   1, 707,  2.0000                                               
   3,   1, 708,  2.0000                                               
   3,   1, 709,  2.0000                                               
   3,   1, 710,  2.0000                                               
   3,   1, 711,  2.0000                                               
   3,   1, 712,  1.0000                                               
   3,   1, 713,  1.0000                                               
   3,   1, 714,  1.0000                                               
   3,   1, 715,  1.0000                                               
   3,   1, 716,  1.0000                                               
   3,   1, 717,  1.0000                                               
   3,   1, 718,  1.0000                                               
   3,   1, 719,  1.0000                                               
   3,   1, 720,  2.0000                                               
   3,   1, 721,  2.0000                                               
   3,   1, 722,  3.0000                                               
   3,   1, 723,  3.0000                                               
   3,   1, 724,  3.0000                                               
   3,   1, 725,  3.0000                                               
   3,   1, 726,  3.0000                                               
   3,   1, 727,  3.0000                                               
   3,   1, 728,  3.0000                                               
   3,   1, 729,  2.0000                                               
   3,   1, 730,  2.0000                                               
   3,   1, 731,  2.0000                                               
   3,   1, 732,  2.0000                                               
   3,   1, 733,  2.0000                                               
   3,   1, 734,  2.0000                                               
   3,   1, 735,  2.0000                                               
   3,   1, 736,  1.0000                                               
   3,   1, 737,  1.0000                                               
   3,   1, 738,  1.0000                                               
   3,   1, 739,  1.0000                                               
   3,   1, 740,  1.0000                                               
   3,   1, 741,  1.0000                                               
   3,   1, 742,  1.0000                                               
   3,   1, 743,  1.0000                                               
   3,   1, 744,  2.0000                                               
   4,   1,   1,  3.0000                                               
   4,   1,   2,  3.0000                                               
   4,   1,   3,  3.0000                                               
   4,   1,   4,  3.0000                                               
   4,   1,   5,  3.0000                                               
   4,   1,   6,  3.0000                                               
   4,   1,   7,  3.0000                                               
   4,   1,   8,  3.0000                                               
   4,   1,   9,  3.0000                                               
   4,   1,  10,  3.0000                                               
   4,   1,  11,  3.0000                                               
   4,   1,  12,  3.0000                                               
   4,   1,  13,  3.0000                                               
   4,   1,  14,  3.0000                                               
   4,   1,  15,  3.0000                                               
   4,   1,  16,  3.0000                                               
   4,   1,  17,  3.0000                                               
   4,   1,  18,  2.0000                                               
   4,   1,  19,  2.0000                                               
   4,   1,  20,  2.0000                                               
   4,   1,  21,  2.0000                                               
   4,   1,  22,  2.0000                                               
   4,   1,  23,  2.0000                                               
   4,   1,  24,  2.0000                                               
   4,   1,  25,  3.0000                                               
   4,   1,  26,  3.0000                                               
   4,   1,  27,  3.0000                                               
   4,   1,  28,  3.0000                                               
   4,   1,  29,  3.0000                                               
   4,   1,  30,  3.0000                                               
   4,   1,  31,  3.0000                                               
   4,   1,  32,  3.0000                                               
   4,   1,  33,  3.0000                                               
   4,   1,  34,  3.0000                                               
   4,   1,  35,  3.0000                                               
   4,   1,  36,  3.0000                                               
   4,   1,  37,  3.0000                                               
   4,   1,  38,  3.0000                                               
   4,   1,  39,  3.0000                                               
   4,   1,  40,  3.0000                                               
   4,   1,  41,  3.0000                                               
   4,   1,  42,  2.0000                                               
   4,   1,  43,  2.0000                                               
   4,   1,  44,  2.0000                                               
   4,   1,  45,  2.0000                                               
   4,   1,  46,  2.0000                                               
   4,   1,  47,  2.0000                                               
   4,   1,  48,  2.0000                                               
   4,   1,  49,  2.0000                                               
   4,   1,  50,  3.0000                                               
   4,   1,  51,  3.0000                                               
   4,   1,  52,  3.0000                                               
   4,   1,  53,  3.0000                                               
   4,   1,  54,  3.0000                                               
   4,   1,  55,  3.0000                                               
   4,   1,  56,  3.0000                                               
   4,   1,  57,  2.0000                                               
   4,   1,  58,  2.0000                                               
   4,   1,  59,  2.0000                                               
   4,   1,  60,  2.0000                                               
   4,   1,  61,  2.0000                                               
   4,   1,  62,  2.0000                                               
   4,   1,  63,  2.0000                                               
   4,   1,  64,  1.0000                                               
   4,   1,  65,  1.0000                                               
   4,   1,  66,  1.0000                                               
   4,   1,  67,  1.0000                                               
   4,   1,  68,  1.0000                                               
   4,   1,  69,  1.0000                                               
   4,   1,  70,  1.0000                                               
   4,   1,  71,  2.0000                                               
   4,   1,  72,  2.0000                                               
   4,   1,  73,  2.0000                                               
   4,   1,  74,  3.0000                                               
   4,   1,  75,  3.0000                                               
   4,   1,  76,  3.0000                                               
   4,   1,  77,  3.0000                                               
   4,   1,  78,  3.0000                                               
   4,   1,  79,  3.0000                                               
   4,   1,  80,  3.0000                                               
   4,   1,  81,  2.0000                                               
   4,   1,  82,  2.0000                                               
   4,   1,  83,  2.0000                                               
   4,   1,  84,  2.0000                                               
   4,   1,  85,  2.0000                                               
   4,   1,  86,  2.0000                                               
   4,   1,  87,  2.0000                                               
   4,   1,  88,  1.0000                                               
   4,   1,  89,  1.0000                                               
   4,   1,  90,  1.0000                                               
   4,   1,  91,  1.0000                                               
   4,   1,  92,  1.0000                                               
   4,   1,  93,  1.0000                                               
   4,   1,  94,  1.0000                                               
   4,   1,  95,  2.0000                                               
   4,   1,  96,  2.0000                                               
   4,   1,  97,  2.0000                                               
   4,   1,  98,  3.0000                                               
   4,   1,  99,  3.0000                                               
   4,   1, 100,  3.0000                                               
   4,   1, 101,  3.0000                                               
   4,   1, 102,  3.0000                                               
   4,   1, 103,  3.0000                                               
   4,   1, 104,  3.0000                                               
   4,   1, 105,  2.0000                                               
   4,   1, 106,  2.0000                                               
   4,   1, 107,  2.0000                                               
   4,   1, 108,  2.0000                                               
   4,   1, 109,  2.0000                                               
   4,   1, 110,  2.0000                                               
   4,   1, 111,  2.0000                                               
   4,   1, 112,  1.0000                                               
   4,   1, 113,  1.0000                                               
   4,   1, 114,  1.0000                                               
   4,   1, 115,  1.0000                                               
   4,   1, 116,  1.0000                                               
   4,   1, 117,  1.0000                                               
   4,   1, 118,  1.0000                                               
   4,   1, 119,  2.0000                                               
   4,   1, 120,  2.0000                                               
   4,   1, 121,  2.0000                                               
   4,   1, 122,  3.0000                                               
   4,   1, 123,  3.0000                                               
   4,   1, 124,  3.0000                                               
   4,   1, 125,  3.0000                                               
   4,   1, 126,  3.0000                                               
   4,   1, 127,  3.0000                                               
   4,   1, 128,  3.0000                                               
   4,   1, 129,  2.0000                                               
   4,   1, 130,  2.0000                                               
   4,   1, 131,  2.0000                                               
   4,   1, 132,  2.0000                                               
   4,   1, 133,  2.0000                                               
   4,   1, 134,  2.0000                                               
   4,   1, 135,  2.0000                                               
   4,   1, 136,  1.0000                                               
   4,   1, 137,  1.0000                                               
   4,   1, 138,  1.0000                                               
   4,   1, 139,  1.0000                                               
   4,   1, 140,  1.0000                                               
   4,   1, 141,  1.0000                                               
   4,   1, 142,  1.0000                                               
   4,   1, 143,  2.0000                                               
   4,   1, 144,  2.0000                                               
   4,   1, 145,  3.0000                                               
   4,   1, 146,  3.0000                                               
   4,   1, 147,  3.0000                                               
   4,   1, 148,  3.0000                                               
   4,   1, 149,  3.0000                                               
   4,   1, 150,  3.0000                                               
   4,   1, 151,  3.0000                                               
   4,   1, 152,  3.0000                                               
   4,   1, 153,  3.0000                                               
   4,   1, 154,  3.0000                                               
   4,   1, 155,  3.0000                                               
   4,   1, 156,  3.0000                                               
   4,   1, 157,  3.0000                                               
   4,   1, 158,  3.0000                                               
   4,   1, 159,  3.0000                                               
   4,   1, 160,  3.0000                                               
   4,   1, 161,  3.0000                                               
   4,   1, 162,  2.0000                                               
   4,   1, 163,  2.0000                                               
   4,   1, 164,  2.0000                                               
   4,   1, 165,  2.0000                                               
   4,   1, 166,  2.0000                                               
   4,   1, 167,  2.0000                                               
   4,   1, 168,  2.0000                                               
   4,   1, 169,  3.0000                                               
   4,   1, 170,  3.0000                                               
   4,   1, 171,  3.0000                                               
   4,   1, 172,  3.0000                                               
   4,   1, 173,  3.0000                                               
   4,   1, 174,  3.0000                                               
   4,   1, 175,  3.0000                                               
   4,   1, 176,  3.0000                                               
   4,   1, 177,  3.0000                                               
   4,   1, 178,  3.0000                                               
   4,   1, 179,  3.0000                                               
   4,   1, 180,  3.0000                                               
   4,   1, 181,  3.0000                                               
   4,   1, 182,  3.0000                                               
   4,   1, 183,  3.0000                                               
   4,   1, 184,  3.0000                                               
   4,   1, 185,  3.0000                                               
   4,   1, 186,  2.0000                                               
   4,   1, 187,  2.0000                                               
   4,   1, 188,  2.0000                                               
   4,   1, 189,  2.0000                                               
   4,   1, 190,  2.0000                                               
   4,   1, 191,  2.0000                                               
   4,   1, 192,  2.0000                                               
   4,   1, 193,  3.0000                                               
   4,   1, 194,  3.0000                                               
   4,   1, 195,  3.0000                                               
   4,   1, 196,  3.0000                                               
   4,   1, 197,  3.0000                                               
   4,   1, 198,  3.0000                                               
   4,   1, 199,  3.0000                                               
   4,   1, 200,  3.0000                                               
   4,   1, 201,  3.0000                                               
   4,   1, 202,  3.0000                                               
   4,   1, 203,  3.0000                                               
   4,   1, 204,  3.0000                                               
   4,   1, 205,  3.0000                                               
   4,   1, 206,  3.0000                                               
   4,   1, 207,  3.0000                                               
   4,   1, 208,  3.0000                                               
   4,   1, 209,  3.0000                                               
   4,   1, 210,  2.0000                                               
   4,   1, 211,  2.0000                                               
   4,   1, 212,  2.0000                                               
   4,   1, 213,  2.0000                                               
   4,   1, 214,  2.0000                                               
   4,   1, 215,  2.0000                                               
   4,   1, 216,  2.0000                                               
   4,   1, 217,  2.0000                                               
   4,   1, 218,  3.0000                                               
   4,   1, 219,  3.0000                                               
   4,   1, 220,  3.0000                                               
   4,   1, 221,  3.0000                                               
   4,   1, 222,  3.0000                                               
   4,   1, 223,  3.0000                                               
   4,   1, 224,  3.0000                                               
   4,   1, 225,  2.0000                                               
   4,   1, 226,  2.0000                                               
   4,   1, 227,  2.0000                                               
   4,   1, 228,  2.0000                                               
   4,   1, 229,  2.0000                                               
   4,   1, 230,  2.0000                                               
   4,   1, 231,  2.0000                                               
   4,   1, 232,  1.0000                                               
   4,   1, 233,  1.0000                                               
   4,   1, 234,  1.0000                                               
   4,   1, 235,  1.0000                                               
   4,   1, 236,  1.0000                                               
   4,   1, 237,  1.0000                                               
   4,   1, 238,  1.0000                                               
   4,   1, 239,  2.0000                                               
   4,   1, 240,  2.0000                                               
   4,   1, 241,  2.0000                                               
   4,   1, 242,  3.0000                                               
   4,   1, 243,  3.0000                                               
   4,   1, 244,  3.0000                                               
   4,   1, 245,  3.0000                                               
   4,   1, 246,  3.0000                                               
   4,   1, 247,  3.0000                                               
   4,   1, 248,  3.0000                                               
   4,   1, 249,  2.0000                                               
   4,   1, 250,  2.0000                                               
   4,   1, 251,  2.0000                                               
   4,   1, 252,  2.0000                                               
   4,   1, 253,  2.0000                                               
   4,   1, 254,  2.0000                                               
   4,   1, 255,  2.0000                                               
   4,   1, 256,  1.0000                                               
   4,   1, 257,  1.0000                                               
   4,   1, 258,  1.0000                                               
   4,   1, 259,  1.0000                                               
   4,   1, 260,  1.0000                                               
   4,   1, 261,  1.0000                                               
   4,   1, 262,  1.0000                                               
   4,   1, 263,  2.0000                                               
   4,   1, 264,  2.0000                                               
   4,   1, 265,  2.0000                                               
   4,   1, 266,  3.0000                                               
   4,   1, 267,  3.0000                                               
   4,   1, 268,  3.0000                                               
   4,   1, 269,  3.0000                                               
   4,   1, 270,  3.0000                                               
   4,   1, 271,  3.0000                                               
   4,   1, 272,  3.0000                                               
   4,   1, 273,  2.0000                                               
   4,   1, 274,  2.0000                                               
   4,   1, 275,  2.0000                                               
   4,   1, 276,  2.0000                                               
   4,   1, 277,  2.0000                                               
   4,   1, 278,  2.0000                                               
   4,   1, 279,  2.0000                                               
   4,   1, 280,  1.0000                                               
   4,   1, 281,  1.0000                                               
   4,   1, 282,  1.0000                                               
   4,   1, 283,  1.0000                                               
   4,   1, 284,  1.0000                                               
   4,   1, 285,  1.0000                                               
   4,   1, 286,  1.0000                                               
   4,   1, 287,  2.0000                                               
   4,   1, 288,  2.0000                                               
   4,   1, 289,  2.0000                                               
   4,   1, 290,  3.0000                                               
   4,   1, 291,  3.0000                                               
   4,   1, 292,  3.0000                                               
   4,   1, 293,  3.0000                                               
   4,   1, 294,  3.0000                                               
   4,   1, 295,  3.0000                                               
   4,   1, 296,  3.0000                                               
   4,   1, 297,  2.0000                                               
   4,   1, 298,  2.0000                                               
   4,   1, 299,  2.0000                                               
   4,   1, 300,  2.0000                                               
   4,   1, 301,  2.0000                                               
   4,   1, 302,  2.0000                                               
   4,   1, 303,  2.0000                                               
   4,   1, 304,  1.0000                                               
   4,   1, 305,  1.0000                                               
   4,   1, 306,  1.0000                                               
   4,   1, 307,  1.0000                                               
   4,   1, 308,  1.0000                                               
   4,   1, 309,  1.0000                                               
   4,   1, 310,  1.0000                                               
   4,   1, 311,  2.0000                                               
   4,   1, 312,  2.0000                                               
   4,   1, 313,  2.0000                                               
   4,   1, 314,  3.0000                                               
   4,   1, 315,  3.0000                                               
   4,   1, 316,  3.0000                                               
   4,   1, 317,  3.0000                                               
   4,   1, 318,  3.0000                                               
   4,   1, 319,  3.0000                                               
   4,   1, 320,  3.0000                                               
   4,   1, 321,  2.0000                                               
   4,   1, 322,  2.0000                                               
   4,   1, 323,  2.0000                                               
   4,   1, 324,  2.0000                                               
   4,   1, 325,  2.0000                                               
   4,   1, 326,  2.0000                                               
   4,   1, 327,  2.0000                                               
   4,   1, 328,  1.0000                                               
   4,   1, 329,  1.0000                                               
   4,   1, 330,  1.0000                                               
   4,   1, 331,  1.0000                                               
   4,   1, 332,  1.0000                                               
   4,   1, 333,  1.0000                                               
   4,   1, 334,  1.0000                                               
   4,   1, 335,  2.0000                                               
   4,   1, 336,  2.0000                                               
   4,   1, 337,  3.0000                                               
   4,   1, 338,  3.0000                                               
   4,   1, 339,  3.0000                                               
   4,   1, 340,  3.0000                                               
   4,   1, 341,  3.0000                                               
   4,   1, 342,  3.0000                                               
   4,   1, 343,  3.0000                                               
   4,   1, 344,  3.0000                                               
   4,   1, 345,  3.0000                                               
   4,   1, 346,  3.0000                                               
   4,   1, 347,  3.0000                                               
   4,   1, 348,  3.0000                                               
   4,   1, 349,  3.0000                                               
   4,   1, 350,  3.0000                                               
   4,   1, 351,  3.0000                                               
   4,   1, 352,  3.0000                                               
   4,   1, 353,  3.0000                                               
   4,   1, 354,  2.0000                                               
   4,   1, 355,  2.0000                                               
   4,   1, 356,  2.0000                                               
   4,   1, 357,  2.0000                                               
   4,   1, 358,  2.0000                                               
   4,   1, 359,  2.0000                                               
   4,   1, 360,  2.0000                                               
   4,   1, 361,  3.0000                                               
   4,   1, 362,  3.0000                                               
   4,   1, 363,  3.0000                                               
   4,   1, 364,  3.0000                                               
   4,   1, 365,  3.0000                                               
   4,   1, 366,  3.0000                                               
   4,   1, 367,  3.0000                                               
   4,   1, 368,  3.0000                                               
   4,   1, 369,  3.0000                                               
   4,   1, 370,  3.0000                                               
   4,   1, 371,  3.0000                                               
   4,   1, 372,  3.0000                                               
   4,   1, 373,  3.0000                                               
   4,   1, 374,  3.0000                                               
   4,   1, 375,  3.0000                                               
   4,   1, 376,  3.0000                                               
   4,   1, 377,  3.0000                                               
   4,   1, 378,  2.0000                                               
   4,   1, 379,  2.0000                                               
   4,   1, 380,  2.0000                                               
   4,   1, 381,  2.0000                                               
   4,   1, 382,  2.0000                                               
   4,   1, 383,  2.0000                                               
   4,   1, 384,  2.0000                                               
   4,   1, 385,  2.0000                                               
   4,   1, 386,  3.0000                                               
   4,   1, 387,  3.0000                                               
   4,   1, 388,  3.0000                                               
   4,   1, 389,  3.0000                                               
   4,   1, 390,  3.0000                                               
   4,   1, 391,  3.0000                                               
   4,   1, 392,  3.0000                                               
   4,   1, 393,  2.0000                                               
   4,   1, 394,  2.0000                                               
   4,   1, 395,  2.0000                                               
   4,   1, 396,  2.0000                                               
   4,   1, 397,  2.0000                                               
   4,   1, 398,  2.0000                                               
   4,   1, 399,  2.0000                                               
   4,   1, 400,  1.0000                                               
   4,   1, 401,  1.0000                                               
   4,   1, 402,  1.0000                                               
   4,   1, 403,  1.0000                                               
   4,   1, 404,  1.0000                                               
   4,   1, 405,  1.0000                                               
   4,   1, 406,  1.0000                                               
   4,   1, 407,  2.0000                                               
   4,   1, 408,  2.0000                                               
   4,   1, 409,  2.0000                                               
   4,   1, 410,  3.0000                                               
   4,   1, 411,  3.0000                                               
   4,   1, 412,  3.0000                                               
   4,   1, 413,  3.0000                                               
   4,   1, 414,  3.0000                                               
   4,   1, 415,  3.0000                                               
   4,   1, 416,  3.0000                                               
   4,   1, 417,  2.0000                                               
   4,   1, 418,  2.0000                                               
   4,   1, 419,  2.0000                                               
   4,   1, 420,  2.0000                                               
   4,   1, 421,  2.0000                                               
   4,   1, 422,  2.0000                                               
   4,   1, 423,  2.0000                                               
   4,   1, 424,  1.0000                                               
   4,   1, 425,  1.0000                                               
   4,   1, 426,  1.0000                                               
   4,   1, 427,  1.0000                                               
   4,   1, 428,  1.0000                                               
   4,   1, 429,  1.0000                                               
   4,   1, 430,  1.0000                                               
   4,   1, 431,  2.0000                                               
   4,   1, 432,  2.0000                                               
   4,   1, 433,  2.0000                                               
   4,   1, 434,  3.0000                                               
   4,   1, 435,  3.0000                                               
   4,   1, 436,  3.0000                                               
   4,   1, 437,  3.0000                                               
   4,   1, 438,  3.0000                                               
   4,   1, 439,  3.0000                                               
   4,   1, 440,  3.0000                                               
   4,   1, 441,  2.0000                                               
   4,   1, 442,  2.0000                                               
   4,   1, 443,  2.0000                                               
   4,   1, 444,  2.0000                                               
   4,   1, 445,  2.0000                                               
   4,   1, 446,  2.0000                                               
   4,   1, 447,  2.0000                                               
   4,   1, 448,  1.0000                                               
   4,   1, 449,  1.0000                                               
   4,   1, 450,  1.0000                                               
   4,   1, 451,  1.0000                                               
   4,   1, 452,  1.0000                                               
   4,   1, 453,  1.0000                                               
   4,   1, 454,  1.0000                                               
   4,   1, 455,  2.0000                                               
   4,   1, 456,  2.0000                                               
   4,   1, 457,  2.0000                                               
   4,   1, 458,  3.0000                                               
   4,   1, 459,  3.0000                                               
   4,   1, 460,  3.0000                                               
   4,   1, 461,  3.0000                                               
   4,   1, 462,  3.0000                                               
   4,   1, 463,  3.0000                                               
   4,   1, 464,  3.0000                                               
   4,   1, 465,  2.0000                                               
   4,   1, 466,  2.0000                                               
   4,   1, 467,  2.0000                                               
   4,   1, 468,  2.0000                                               
   4,   1, 469,  2.0000                                               
   4,   1, 470,  2.0000                                               
   4,   1, 471,  2.0000                                               
   4,   1, 472,  1.0000                                               
   4,   1, 473,  1.0000                                               
   4,   1, 474,  1.0000                                               
   4,   1, 475,  1.0000                                               
   4,   1, 476,  1.0000                                               
   4,   1, 477,  1.0000                                               
   4,   1, 478,  1.0000                                               
   4,   1, 479,  2.0000                                               
   4,   1, 480,  2.0000                                               
   4,   1, 481,  3.0000                                               
   4,   1, 482,  3.0000                                               
   4,   1, 483,  3.0000                                               
   4,   1, 484,  3.0000                                               
   4,   1, 485,  3.0000                                               
   4,   1, 486,  3.0000                                               
   4,   1, 487,  3.0000                                               
   4,   1, 488,  3.0000                                               
   4,   1, 489,  3.0000                                               
   4,   1, 490,  3.0000                                               
   4,   1, 491,  3.0000                                               
   4,   1, 492,  3.0000                                               
   4,   1, 493,  3.0000                                               
   4,   1, 494,  3.0000                                               
   4,   1, 495,  3.0000                                               
   4,   1, 496,  3.0000                                               
   4,   1, 497,  3.0000                                               
   4,   1, 498,  2.0000                                               
   4,   1, 499,  2.0000                                               
   4,   1, 500,  2.0000                                               
   4,   1, 501,  2.0000                                               
   4,   1, 502,  2.0000                                               
   4,   1, 503,  2.0000                                               
   4,   1, 504,  2.0000                                               
   4,   1, 505,  3.0000                                               
   4,   1, 506,  3.0000                                               
   4,   1, 507,  3.0000                                               
   4,   1, 508,  3.0000                                               
   4,   1, 509,  3.0000                                               
   4,   1, 510,  3.0000                                               
   4,   1, 511,  3.0000                                               
   4,   1, 512,  3.0000                                               
   4,   1, 513,  3.0000                                               
   4,   1, 514,  3.0000                                               
   4,   1, 515,  3.0000                                               
   4,   1, 516,  3.0000                                               
   4,   1, 517,  3.0000                                               
   4,   1, 518,  3.0000                                               
   4,   1, 519,  3.0000                                               
   4,   1, 520,  3.0000                                               
   4,   1, 521,  3.0000                                               
   4,   1, 522,  2.0000                                               
   4,   1, 523,  2.0000                                               
   4,   1, 524,  2.0000                                               
   4,   1, 525,  2.0000                                               
   4,   1, 526,  2.0000                                               
   4,   1, 527,  2.0000                                               
   4,   1, 528,  2.0000                                               
   4,   1, 529,  3.0000                                               
   4,   1, 530,  3.0000                                               
   4,   1, 531,  3.0000                                               
   4,   1, 532,  3.0000                                               
   4,   1, 533,  3.0000                                               
   4,   1, 534,  3.0000                                               
   4,   1, 535,  3.0000                                               
   4,   1, 536,  3.0000                                               
   4,   1, 537,  3.0000                                               
   4,   1, 538,  3.0000                                               
   4,   1, 539,  3.0000                                               
   4,   1, 540,  3.0000                                               
   4,   1, 541,  3.0000                                               
   4,   1, 542,  3.0000                                               
   4,   1, 543,  3.0000                                               
   4,   1, 544,  3.0000                                               
   4,   1, 545,  3.0000                                               
   4,   1, 546,  2.0000                                               
   4,   1, 547,  2.0000                                               
   4,   1, 548,  2.0000                                               
   4,   1, 549,  2.0000                                               
   4,   1, 550,  2.0000                                               
   4,   1, 551,  2.0000                                               
   4,   1, 552,  2.0000                                               
   4,   1, 553,  2.0000                                               
   4,   1, 554,  3.0000                                               
   4,   1, 555,  3.0000                                               
   4,   1, 556,  3.0000                                               
   4,   1, 557,  3.0000                                               
   4,   1, 558,  3.0000                                               
   4,   1, 559,  3.0000                                               
   4,   1, 560,  3.0000                                               
   4,   1, 561,  2.0000                                               
   4,   1, 562,  2.0000                                               
   4,   1, 563,  2.0000                                               
   4,   1, 564,  2.0000                                               
   4,   1, 565,  2.0000                                               
   4,   1, 566,  2.0000                                               
   4,   1, 567,  2.0000                                               
   4,   1, 568,  1.0000                                               
   4,   1, 569,  1.0000                                               
   4,   1, 570,  1.0000                                               
   4,   1, 571,  1.0000                                               
   4,   1, 572,  1.0000                                               
   4,   1, 573,  1.0000                                               
   4,   1, 574,  1.0000                                               
   4,   1, 575,  2.0000                                               
   4,   1, 576,  2.0000                                               
   4,   1, 577,  2.0000                                               
   4,   1, 578,  3.0000                                               
   4,   1, 579,  3.0000                                               
   4,   1, 580,  3.0000                                               
   4,   1, 581,  3.0000                                               
   4,   1, 582,  3.0000                                               
   4,   1, 583,  3.0000                                               
   4,   1, 584,  3.0000                                               
   4,   1, 585,  2.0000                                               
   4,   1, 586,  2.0000                                               
   4,   1, 587,  2.0000                                               
   4,   1, 588,  2.0000                                               
   4,   1, 589,  2.0000                                               
   4,   1, 590,  2.0000                                               
   4,   1, 591,  2.0000                                               
   4,   1, 592,  1.0000                                               
   4,   1, 593,  1.0000                                               
   4,   1, 594,  1.0000                                               
   4,   1, 595,  1.0000                                               
   4,   1, 596,  1.0000                                               
   4,   1, 597,  1.0000                                               
   4,   1, 598,  1.0000                                               
   4,   1, 599,  2.0000                                               
   4,   1, 600,  2.0000                                               
   4,   1, 601,  2.0000                                               
   4,   1, 602,  3.0000                                               
   4,   1, 603,  3.0000                                               
   4,   1, 604,  3.0000                                               
   4,   1, 605,  3.0000                                               
   4,   1, 606,  3.0000                                               
   4,   1, 607,  3.0000                                               
   4,   1, 608,  3.0000                                               
   4,   1, 609,  2.0000                                               
   4,   1, 610,  2.0000                                               
   4,   1, 611,  2.0000                                               
   4,   1, 612,  2.0000                                               
   4,   1, 613,  2.0000                                               
   4,   1, 614,  2.0000                                               
   4,   1, 615,  2.0000                                               
   4,   1, 616,  1.0000                                               
   4,   1, 617,  1.0000                                               
   4,   1, 618,  1.0000                                               
   4,   1, 619,  1.0000                                               
   4,   1, 620,  1.0000                                               
   4,   1, 621,  1.0000                                               
   4,   1, 622,  1.0000                                               
   4,   1, 623,  2.0000                                               
   4,   1, 624,  2.0000                                               
   4,   1, 625,  2.0000                                               
   4,   1, 626,  3.0000                                               
   4,   1, 627,  3.0000                                               
   4,   1, 628,  3.0000                                               
   4,   1, 629,  3.0000                                               
   4,   1, 630,  3.0000                                               
   4,   1, 631,  3.0000                                               
   4,   1, 632,  3.0000                                               
   4,   1, 633,  2.0000                                               
   4,   1, 634,  2.0000                                               
   4,   1, 635,  2.0000                                               
   4,   1, 636,  2.0000                                               
   4,   1, 637,  2.0000                                               
   4,   1, 638,  2.0000                                               
   4,   1, 639,  2.0000                                               
   4,   1, 640,  1.0000                                               
   4,   1, 641,  1.0000                                               
   4,   1, 642,  1.0000                                               
   4,   1, 643,  1.0000                                               
   4,   1, 644,  1.0000                                               
   4,   1, 645,  1.0000                                               
   4,   1, 646,  1.0000                                               
   4,   1, 647,  2.0000                                               
   4,   1, 648,  2.0000                                               
   4,   1, 649,  2.0000                                               
   4,   1, 650,  3.0000                                               
   4,   1, 651,  3.0000                                               
   4,   1, 652,  3.0000                                               
   4,   1, 653,  3.0000                                               
   4,   1, 654,  3.0000                                               
   4,   1, 655,  3.0000                                               
   4,   1, 656,  3.0000                                               
   4,   1, 657,  2.0000                                               
   4,   1, 658,  2.0000                                               
   4,   1, 659,  2.0000                                               
   4,   1, 660,  2.0000                                               
   4,   1, 661,  2.0000                                               
   4,   1, 662,  2.0000                                               
   4,   1, 663,  2.0000                                               
   4,   1, 664,  1.0000                                               
   4,   1, 665,  1.0000                                               
   4,   1, 666,  1.0000                                               
   4,   1, 667,  1.0000                                               
   4,   1, 668,  1.0000                                               
   4,   1, 669,  1.0000                                               
   4,   1, 670,  1.0000                                               
   4,   1, 671,  2.0000                                               
   4,   1, 672,  2.0000                                               
   4,   1, 673,  3.0000                                               
   4,   1, 674,  3.0000                                               
   4,   1, 675,  3.0000                                               
   4,   1, 676,  3.0000                                               
   4,   1, 677,  3.0000                                               
   4,   1, 678,  3.0000                                               
   4,   1, 679,  3.0000                                               
   4,   1, 680,  3.0000                                               
   4,   1, 681,  3.0000                                               
   4,   1, 682,  3.0000                                               
   4,   1, 683,  3.0000                                               
   4,   1, 684,  3.0000                                               
   4,   1, 685,  3.0000                                               
   4,   1, 686,  3.0000                                               
   4,   1, 687,  3.0000                                               
   4,   1, 688,  3.0000                                               
   4,   1, 689,  3.0000                                               
   4,   1, 690,  2.0000                                               
   4,   1, 691,  2.0000                                               
   4,   1, 692,  2.0000                                               
   4,   1, 693,  2.0000                                               
   4,   1, 694,  2.0000                                               
   4,   1, 695,  2.0000                                               
   4,   1, 696,  2.0000                                               
   4,   1, 697,  3.0000                                               
   4,   1, 698,  3.0000                                               
   4,   1, 699,  3.0000                                               
   4,   1, 700,  3.0000                                               
   4,   1, 701,  3.0000                                               
   4,   1, 702,  3.0000                                               
   4,   1, 703,  3.0000                                               
   4,   1, 704,  3.0000                                               
   4,   1, 705,  3.0000                                               
   4,   1, 706,  3.0000                                               
   4,   1, 707,  3.0000                                               
   4,   1, 708,  3.0000                                               
   4,   1, 709,  3.0000                                               
   4,   1, 710,  3.0000                                               
   4,   1, 711,  3.0000                                               
   4,   1, 712,  3.0000                                               
   4,   1, 713,  3.0000                                               
   4,   1, 714,  2.0000                                               
   4,   1, 715,  2.0000                                               
   4,   1, 716,  2.0000                                               
   4,   1, 717,  2.0000                                               
   4,   1, 718,  2.0000                                               
   4,   1, 719,  2.0000                                               
   4,   1, 720,  2.0000                                               
   5,   1,   1,  3.0000                                               
   5,   1,   2,  3.0000                                               
   5,   1,   3,  3.0000                                               
   5,   1,   4,  3.0000                                               
   5,   1,   5,  3.0000                                               
   5,   1,   6,  3.0000                                               
   5,   1,   7,  3.0000                                               
   5,   1,   8,  3.0000                                               
   5,   1,   9,  3.0000                                               
   5,   1,  10,  3.0000                                               
   5,   1,  11,  3.0000                                               
   5,   1,  12,  3.0000                                               
   5,   1,  13,  3.0000                                               
   5,   1,  14,  3.0000                                               
   5,   1,  15,  3.0000                                               
   5,   1,  16,  3.0000                                               
   5,   1,  17,  3.0000                                               
   5,   1,  18,  2.0000                                               
   5,   1,  19,  2.0000                                               
   5,   1,  20,  2.0000                                               
   5,   1,  21,  2.0000                                               
   5,   1,  22,  2.0000                                               
   5,   1,  23,  3.0000                                               
   5,   1,  24,  3.0000                                               
   5,   1,  25,  3.0000                                               
   5,   1,  26,  3.0000                                               
   5,   1,  27,  3.0000                                               
   5,   1,  28,  3.0000                                               
   5,   1,  29,  3.0000                                               
   5,   1,  30,  3.0000                                               
   5,   1,  31,  3.0000                                               
   5,   1,  32,  3.0000                                               
   5,   1,  33,  2.0000                                               
   5,   1,  34,  2.0000                                               
   5,   1,  35,  2.0000                                               
   5,   1,  36,  2.0000                                               
   5,   1,  37,  2.0000                                               
   5,   1,  38,  2.0000                                               
   5,   1,  39,  2.0000                                               
   5,   1,  40,  2.0000                                               
   5,   1,  41,  2.0000                                               
   5,   1,  42,  1.0000                                               
   5,   1,  43,  1.0000                                               
   5,   1,  44,  1.0000                                               
   5,   1,  45,  1.0000                                               
   5,   1,  46,  1.0000                                               
   5,   1,  47,  2.0000                                               
   5,   1,  48,  2.0000                                               
   5,   1,  49,  3.0000                                               
   5,   1,  50,  3.0000                                               
   5,   1,  51,  3.0000                                               
   5,   1,  52,  3.0000                                               
   5,   1,  53,  3.0000                                               
   5,   1,  54,  3.0000                                               
   5,   1,  55,  3.0000                                               
   5,   1,  56,  3.0000                                               
   5,   1,  57,  2.0000                                               
   5,   1,  58,  2.0000                                               
   5,   1,  59,  2.0000                                               
   5,   1,  60,  2.0000                                               
   5,   1,  61,  2.0000                                               
   5,   1,  62,  2.0000                                               
   5,   1,  63,  2.0000                                               
   5,   1,  64,  2.0000                                               
   5,   1,  65,  2.0000                                               
   5,   1,  66,  1.0000                                               
   5,   1,  67,  1.0000                                               
   5,   1,  68,  1.0000                                               
   5,   1,  69,  1.0000                                               
   5,   1,  70,  1.0000                                               
   5,   1,  71,  2.0000                                               
   5,   1,  72,  2.0000                                               
   5,   1,  73,  3.0000                                               
   5,   1,  74,  3.0000                                               
   5,   1,  75,  3.0000                                               
   5,   1,  76,  3.0000                                               
   5,   1,  77,  3.0000                                               
   5,   1,  78,  3.0000                                               
   5,   1,  79,  3.0000                                               
   5,   1,  80,  3.0000                                               
   5,   1,  81,  2.0000                                               
   5,   1,  82,  2.0000                                               
   5,   1,  83,  2.0000                                               
   5,   1,  84,  2.0000                                               
   5,   1,  85,  2.0000                                               
   5,   1,  86,  2.0000                                               
   5,   1,  87,  2.0000                                               
   5,   1,  88,  2.0000                                               
   5,   1,  89,  2.0000                                               
   5,   1,  90,  1.0000                                               
   5,   1,  91,  1.0000                                               
   5,   1,  92,  1.0000                                               
   5,   1,  93,  1.0000                                               
   5,   1,  94,  1.0000                                               
   5,   1,  95,  2.0000                                               
   5,   1,  96,  2.0000                                               
   5,   1,  97,  3.0000                                               
   5,   1,  98,  3.0000                                               
   5,   1,  99,  3.0000                                               
   5,   1, 100,  3.0000                                               
   5,   1, 101,  3.0000                                               
   5,   1, 102,  3.0000                                               
   5,   1, 103,  3.0000                                               
   5,   1, 104,  3.0000                                               
   5,   1, 105,  2.0000                                               
   5,   1, 106,  2.0000                                               
   5,   1, 107,  2.0000                                               
   5,   1, 108,  2.0000                                               
   5,   1, 109,  2.0000                                               
   5,   1, 110,  2.0000                                               
   5,   1, 111,  2.0000                                               
   5,   1, 112,  2.0000                                               
   5,   1, 113,  2.0000                                               
   5,   1, 114,  1.0000                                               
   5,   1, 115,  1.0000                                               
   5,   1, 116,  1.0000                                               
   5,   1, 117,  1.0000                                               
   5,   1, 118,  1.0000                                               
   5,   1, 119,  2.0000                                               
   5,   1, 120,  2.0000                                               
   5,   1, 121,  3.0000                                               
   5,   1, 122,  3.0000                                               
   5,   1, 123,  3.0000                                               
   5,   1, 124,  3.0000                                               
   5,   1, 125,  3.0000                                               
   5,   1, 126,  3.0000                                               
   5,   1, 127,  3.0000                                               
   5,   1, 128,  3.0000                                               
   5,   1, 129,  3.0000                                               
   5,   1, 130,  3.0000                                               
   5,   1, 131,  3.0000                                               
   5,   1, 132,  3.0000                                               
   5,   1, 133,  3.0000                                               
   5,   1, 134,  3.0000                                               
   5,   1, 135,  3.0000                                               
   5,   1, 136,  3.0000                                               
   5,   1, 137,  3.0000                                               
   5,   1, 138,  2.0000                                               
   5,   1, 139,  2.0000                                               
   5,   1, 140,  2.0000                                               
   5,   1, 141,  2.0000                                               
   5,   1, 142,  2.0000                                               
   5,   1, 143,  3.0000                                               
   5,   1, 144,  3.0000                                               
   5,   1, 145,  3.0000                                               
   5,   1, 146,  3.0000                                               
   5,   1, 147,  3.0000                                               
   5,   1, 148,  3.0000                                               
   5,   1, 149,  3.0000                                               
   5,   1, 150,  3.0000                                               
   5,   1, 151,  3.0000                                               
   5,   1, 152,  3.0000                                               
   5,   1, 153,  3.0000                                               
   5,   1, 154,  3.0000                                               
   5,   1, 155,  3.0000                                               
   5,   1, 156,  3.0000                                               
   5,   1, 157,  3.0000                                               
   5,   1, 158,  3.0000                                               
   5,   1, 159,  3.0000                                               
   5,   1, 160,  3.0000                                               
   5,   1, 161,  3.0000                                               
   5,   1, 162,  2.0000                                               
   5,   1, 163,  2.0000                                               
   5,   1, 164,  2.0000                                               
   5,   1, 165,  2.0000                                               
   5,   1, 166,  2.0000                                               
   5,   1, 167,  3.0000                                               
   5,   1, 168,  3.0000                                               
   5,   1, 169,  3.0000                                               
   5,   1, 170,  3.0000                                               
   5,   1, 171,  3.0000                                               
   5,   1, 172,  3.0000                                               
   5,   1, 173,  3.0000                                               
   5,   1, 174,  3.0000                                               
   5,   1, 175,  3.0000                                               
   5,   1, 176,  3.0000                                               
   5,   1, 177,  2.0000                                               
   5,   1, 178,  2.0000                                               
   5,   1, 179,  2.0000                                               
   5,   1, 180,  2.0000                                               
   5,   1, 181,  2.0000                                               
   5,   1, 182,  2.0000                                               
   5,   1, 183,  2.0000                                               
   5,   1, 184,  2.0000                                               
   5,   1, 185,  2.0000                                               
   5,   1, 186,  1.0000                                               
   5,   1, 187,  1.0000                                               
   5,   1, 188,  1.0000                                               
   5,   1, 189,  1.0000                                               
   5,   1, 190,  1.0000                                               
   5,   1, 191,  2.0000                                               
   5,   1, 192,  2.0000                                               
   5,   1, 193,  3.0000                                               
   5,   1, 194,  3.0000                                               
   5,   1, 195,  3.0000                                               
   5,   1, 196,  3.0000                                               
   5,   1, 197,  3.0000                                               
   5,   1, 198,  3.0000                                               
   5,   1, 199,  3.0000                                               
   5,   1, 200,  3.0000                                               
   5,   1, 201,  2.0000                                               
   5,   1, 202,  2.0000                                               
   5,   1, 203,  2.0000                                               
   5,   1, 204,  2.0000                                               
   5,   1, 205,  2.0000                                               
   5,   1, 206,  2.0000                                               
   5,   1, 207,  2.0000                                               
   5,   1, 208,  2.0000                                               
   5,   1, 209,  2.0000                                               
   5,   1, 210,  1.0000                                               
   5,   1, 211,  1.0000                                               
   5,   1, 212,  1.0000                                               
   5,   1, 213,  1.0000                                               
   5,   1, 214,  1.0000                                               
   5,   1, 215,  2.0000                                               
   5,   1, 216,  2.0000                                               
   5,   1, 217,  3.0000                                               
   5,   1, 218,  3.0000                                               
   5,   1, 219,  3.0000                                               
   5,   1, 220,  3.0000                                               
   5,   1, 221,  3.0000                                               
   5,   1, 222,  3.0000                                               
   5,   1, 223,  3.0000                                               
   5,   1, 224,  3.0000                                               
   5,   1, 225,  2.0000                                               
   5,   1, 226,  2.0000                                               
   5,   1, 227,  2.0000                                               
   5,   1, 228,  2.0000                                               
   5,   1, 229,  2.0000                                               
   5,   1, 230,  2.0000                                               
   5,   1, 231,  2.0000                                               
   5,   1, 232,  2.0000                                               
   5,   1, 233,  2.0000                                               
   5,   1, 234,  1.0000                                               
   5,   1, 235,  1.0000                                               
   5,   1, 236,  1.0000                                               
   5,   1, 237,  1.0000                                               
   5,   1, 238,  1.0000                                               
   5,   1, 239,  2.0000                                               
   5,   1, 240,  2.0000                                               
   5,   1, 241,  3.0000                                               
   5,   1, 242,  3.0000                                               
   5,   1, 243,  3.0000                                               
   5,   1, 244,  3.0000                                               
   5,   1, 245,  3.0000                                               
   5,   1, 246,  3.0000                                               
   5,   1, 247,  3.0000                                               
   5,   1, 248,  3.0000                                               
   5,   1, 249,  2.0000                                               
   5,   1, 250,  2.0000                                               
   5,   1, 251,  2.0000                                               
   5,   1, 252,  2.0000                                               
   5,   1, 253,  2.0000                                               
   5,   1, 254,  2.0000                                               
   5,   1, 255,  2.0000                                               
   5,   1, 256,  2.0000                                               
   5,   1, 257,  2.0000                                               
   5,   1, 258,  1.0000                                               
   5,   1, 259,  1.0000                                               
   5,   1, 260,  1.0000                                               
   5,   1, 261,  1.0000                                               
   5,   1, 262,  1.0000                                               
   5,   1, 263,  2.0000                                               
   5,   1, 264,  2.0000                                               
   5,   1, 265,  3.0000                                               
   5,   1, 266,  3.0000                                               
   5,   1, 267,  3.0000                                               
   5,   1, 268,  3.0000                                               
   5,   1, 269,  3.0000                                               
   5,   1, 270,  3.0000                                               
   5,   1, 271,  3.0000                                               
   5,   1, 272,  3.0000                                               
   5,   1, 273,  2.0000                                               
   5,   1, 274,  2.0000                                               
   5,   1, 275,  2.0000                                               
   5,   1, 276,  2.0000                                               
   5,   1, 277,  2.0000                                               
   5,   1, 278,  2.0000                                               
   5,   1, 279,  2.0000                                               
   5,   1, 280,  2.0000                                               
   5,   1, 281,  2.0000                                               
   5,   1, 282,  1.0000                                               
   5,   1, 283,  1.0000                                               
   5,   1, 284,  1.0000                                               
   5,   1, 285,  1.0000                                               
   5,   1, 286,  1.0000                                               
   5,   1, 287,  2.0000                                               
   5,   1, 288,  2.0000                                               
   5,   1, 289,  3.0000                                               
   5,   1, 290,  3.0000                                               
   5,   1, 291,  3.0000                                               
   5,   1, 292,  3.0000                                               
   5,   1, 293,  3.0000                                               
   5,   1, 294,  3.0000                                               
   5,   1, 295,  3.0000                                               
   5,   1, 296,  3.0000                                               
   5,   1, 297,  3.0000                                               
   5,   1, 298,  3.0000                                               
   5,   1, 299,  3.0000                                               
   5,   1, 300,  3.0000                                               
   5,   1, 301,  3.0000                                               
   5,   1, 302,  3.0000                                               
   5,   1, 303,  3.0000                                               
   5,   1, 304,  3.0000                                               
   5,   1, 305,  3.0000                                               
   5,   1, 306,  2.0000                                               
   5,   1, 307,  2.0000                                               
   5,   1, 308,  2.0000                                               
   5,   1, 309,  2.0000                                               
   5,   1, 310,  2.0000                                               
   5,   1, 311,  3.0000                                               
   5,   1, 312,  3.0000                                               
   5,   1, 313,  3.0000                                               
   5,   1, 314,  3.0000                                               
   5,   1, 315,  3.0000                                               
   5,   1, 316,  3.0000                                               
   5,   1, 317,  3.0000                                               
   5,   1, 318,  3.0000                                               
   5,   1, 319,  3.0000                                               
   5,   1, 320,  3.0000                                               
   5,   1, 321,  3.0000                                               
   5,   1, 322,  3.0000                                               
   5,   1, 323,  3.0000                                               
   5,   1, 324,  3.0000                                               
   5,   1, 325,  3.0000                                               
   5,   1, 326,  3.0000                                               
   5,   1, 327,  3.0000                                               
   5,   1, 328,  3.0000                                               
   5,   1, 329,  3.0000                                               
   5,   1, 330,  2.0000                                               
   5,   1, 331,  2.0000                                               
   5,   1, 332,  2.0000                                               
   5,   1, 333,  2.0000                                               
   5,   1, 334,  2.0000                                               
   5,   1, 335,  3.0000                                               
   5,   1, 336,  3.0000                                               
   5,   1, 337,  3.0000                                               
   5,   1, 338,  3.0000                                               
   5,   1, 339,  3.0000                                               
   5,   1, 340,  3.0000                                               
   5,   1, 341,  3.0000                                               
   5,   1, 342,  3.0000                                               
   5,   1, 343,  3.0000                                               
   5,   1, 344,  3.0000                                               
   5,   1, 345,  2.0000                                               
   5,   1, 346,  2.0000                                               
   5,   1, 347,  2.0000                                               
   5,   1, 348,  2.0000                                               
   5,   1, 349,  2.0000                                               
   5,   1, 350,  2.0000                                               
   5,   1, 351,  2.0000                                               
   5,   1, 352,  2.0000                                               
   5,   1, 353,  2.0000                                               
   5,   1, 354,  1.0000                                               
   5,   1, 355,  1.0000                                               
   5,   1, 356,  1.0000                                               
   5,   1, 357,  1.0000                                               
   5,   1, 358,  1.0000                                               
   5,   1, 359,  2.0000                                               
   5,   1, 360,  2.0000                                               
   5,   1, 361,  3.0000                                               
   5,   1, 362,  3.0000                                               
   5,   1, 363,  3.0000                                               
   5,   1, 364,  3.0000                                               
   5,   1, 365,  3.0000                                               
   5,   1, 366,  3.0000                                               
   5,   1, 367,  3.0000                                               
   5,   1, 368,  3.0000                                               
   5,   1, 369,  2.0000                                               
   5,   1, 370,  2.0000                                               
   5,   1, 371,  2.0000                                               
   5,   1, 372,  2.0000                                               
   5,   1, 373,  2.0000                                               
   5,   1, 374,  2.0000                                               
   5,   1, 375,  2.0000                                               
   5,   1, 376,  2.0000                                               
   5,   1, 377,  2.0000                                               
   5,   1, 378,  1.0000                                               
   5,   1, 379,  1.0000                                               
   5,   1, 380,  1.0000                                               
   5,   1, 381,  1.0000                                               
   5,   1, 382,  1.0000                                               
   5,   1, 383,  2.0000                                               
   5,   1, 384,  2.0000                                               
   5,   1, 385,  3.0000                                               
   5,   1, 386,  3.0000                                               
   5,   1, 387,  3.0000                                               
   5,   1, 388,  3.0000                                               
   5,   1, 389,  3.0000                                               
   5,   1, 390,  3.0000                                               
   5,   1, 391,  3.0000                                               
   5,   1, 392,  3.0000                                               
   5,   1, 393,  2.0000                                               
   5,   1, 394,  2.0000                                               
   5,   1, 395,  2.0000                                               
   5,   1, 396,  2.0000                                               
   5,   1, 397,  2.0000                                               
   5,   1, 398,  2.0000                                               
   5,   1, 399,  2.0000                                               
   5,   1, 400,  2.0000                                               
   5,   1, 401,  2.0000                                               
   5,   1, 402,  1.0000                                               
   5,   1, 403,  1.0000                                               
   5,   1, 404,  1.0000                                               
   5,   1, 405,  1.0000                                               
   5,   1, 406,  1.0000                                               
   5,   1, 407,  2.0000                                               
   5,   1, 408,  2.0000                                               
   5,   1, 409,  3.0000                                               
   5,   1, 410,  3.0000                                               
   5,   1, 411,  3.0000                                               
   5,   1, 412,  3.0000                                               
   5,   1, 413,  3.0000                                               
   5,   1, 414,  3.0000                                               
   5,   1, 415,  3.0000                                               
   5,   1, 416,  3.0000                                               
   5,   1, 417,  2.0000                                               
   5,   1, 418,  2.0000                                               
   5,   1, 419,  2.0000                                               
   5,   1, 420,  2.0000                                               
   5,   1, 421,  2.0000                                               
   5,   1, 422,  2.0000                                               
   5,   1, 423,  2.0000                                               
   5,   1, 424,  2.0000                                               
   5,   1, 425,  2.0000                                               
   5,   1, 426,  1.0000                                               
   5,   1, 427,  1.0000                                               
   5,   1, 428,  1.0000                                               
   5,   1, 429,  1.0000                                               
   5,   1, 430,  1.0000                                               
   5,   1, 431,  2.0000                                               
   5,   1, 432,  2.0000                                               
   5,   1, 433,  3.0000                                               
   5,   1, 434,  3.0000                                               
   5,   1, 435,  3.0000                                               
   5,   1, 436,  3.0000                                               
   5,   1, 437,  3.0000                                               
   5,   1, 438,  3.0000                                               
   5,   1, 439,  3.0000                                               
   5,   1, 440,  3.0000                                               
   5,   1, 441,  2.0000                                               
   5,   1, 442,  2.0000                                               
   5,   1, 443,  2.0000                                               
   5,   1, 444,  2.0000                                               
   5,   1, 445,  2.0000                                               
   5,   1, 446,  2.0000                                               
   5,   1, 447,  2.0000                                               
   5,   1, 448,  2.0000                                               
   5,   1, 449,  2.0000                                               
   5,   1, 450,  1.0000                                               
   5,   1, 451,  1.0000                                               
   5,   1, 452,  1.0000                                               
   5,   1, 453,  1.0000                                               
   5,   1, 454,  1.0000                                               
   5,   1, 455,  2.0000                                               
   5,   1, 456,  2.0000                                               
   5,   1, 457,  3.0000                                               
   5,   1, 458,  3.0000                                               
   5,   1, 459,  3.0000                                               
   5,   1, 460,  3.0000                                               
   5,   1, 461,  3.0000                                               
   5,   1, 462,  3.0000                                               
   5,   1, 463,  3.0000                                               
   5,   1, 464,  3.0000                                               
   5,   1, 465,  3.0000                                               
   5,   1, 466,  3.0000                                               
   5,   1, 467,  3.0000                                               
   5,   1, 468,  3.0000                                               
   5,   1, 469,  3.0000                                               
   5,   1, 470,  3.0000                                               
   5,   1, 471,  3.0000                                               
   5,   1, 472,  3.0000                                               
   5,   1, 473,  3.0000                                               
   5,   1, 474,  2.0000                                               
   5,   1, 475,  2.0000                                               
   5,   1, 476,  2.0000                                               
   5,   1, 477,  2.0000                                               
   5,   1, 478,  2.0000                                               
   5,   1, 479,  3.0000                                               
   5,   1, 480,  3.0000                                               
   5,   1, 481,  3.0000                                               
   5,   1, 482,  3.0000                                               
   5,   1, 483,  3.0000                                               
   5,   1, 484,  3.0000                                               
   5,   1, 485,  3.0000                                               
   5,   1, 486,  3.0000                                               
   5,   1, 487,  3.0000                                               
   5,   1, 488,  3.0000                                               
   5,   1, 489,  3.0000                                               
   5,   1, 490,  3.0000                                               
   5,   1, 491,  3.0000                                               
   5,   1, 492,  3.0000                                               
   5,   1, 493,  3.0000                                               
   5,   1, 494,  3.0000                                               
   5,   1, 495,  3.0000                                               
   5,   1, 496,  3.0000                                               
   5,   1, 497,  3.0000                                               
   5,   1, 498,  2.0000                                               
   5,   1, 499,  2.0000                                               
   5,   1, 500,  2.0000                                               
   5,   1, 501,  2.0000                                               
   5,   1, 502,  2.0000                                               
   5,   1, 503,  3.0000                                               
   5,   1, 504,  3.0000                                               
   5,   1, 505,  3.0000                                               
   5,   1, 506,  3.0000                                               
   5,   1, 507,  3.0000                                               
   5,   1, 508,  3.0000                                               
   5,   1, 509,  3.0000                                               
   5,   1, 510,  3.0000                                               
   5,   1, 511,  3.0000                                               
   5,   1, 512,  3.0000                                               
   5,   1, 513,  2.0000                                               
   5,   1, 514,  2.0000                                               
   5,   1, 515,  2.0000                                               
   5,   1, 516,  2.0000                                               
   5,   1, 517,  2.0000                                               
   5,   1, 518,  2.0000                                               
   5,   1, 519,  2.0000                                               
   5,   1, 520,  2.0000                                               
   5,   1, 521,  2.0000                                               
   5,   1, 522,  1.0000                                               
   5,   1, 523,  1.0000                                               
   5,   1, 524,  1.0000                                               
   5,   1, 525,  1.0000                                               
   5,   1, 526,  1.0000                                               
   5,   1, 527,  2.0000                                               
   5,   1, 528,  2.0000                                               
   5,   1, 529,  3.0000                                               
   5,   1, 530,  3.0000                                               
   5,   1, 531,  3.0000                                               
   5,   1, 532,  3.0000                                               
   5,   1, 533,  3.0000                                               
   5,   1, 534,  3.0000                                               
   5,   1, 535,  3.0000                                               
   5,   1, 536,  3.0000                                               
   5,   1, 537,  2.0000                                               
   5,   1, 538,  2.0000                                               
   5,   1, 539,  2.0000                                               
   5,   1, 540,  2.0000                                               
   5,   1, 541,  2.0000                                               
   5,   1, 542,  2.0000                                               
   5,   1, 543,  2.0000                                               
   5,   1, 544,  2.0000                                               
   5,   1, 545,  2.0000                                               
   5,   1, 546,  1.0000                                               
   5,   1, 547,  1.0000                                               
   5,   1, 548,  1.0000                                               
   5,   1, 549,  1.0000                                               
   5,   1, 550,  1.0000                                               
   5,   1, 551,  2.0000                                               
   5,   1, 552,  2.0000                                               
   5,   1, 553,  3.0000                                               
   5,   1, 554,  3.0000                                               
   5,   1, 555,  3.0000                                               
   5,   1, 556,  3.0000                                               
   5,   1, 557,  3.0000                                               
   5,   1, 558,  3.0000                                               
   5,   1, 559,  3.0000                                               
   5,   1, 560,  3.0000                                               
   5,   1, 561,  2.0000                                               
   5,   1, 562,  2.0000                                               
   5,   1, 563,  2.0000                                               
   5,   1, 564,  2.0000                                               
   5,   1, 565,  2.0000                                               
   5,   1, 566,  2.0000                                               
   5,   1, 567,  2.0000                                               
   5,   1, 568,  2.0000                                               
   5,   1, 569,  2.0000                                               
   5,   1, 570,  1.0000                                               
   5,   1, 571,  1.0000                                               
   5,   1, 572,  1.0000                                               
   5,   1, 573,  1.0000                                               
   5,   1, 574,  1.0000                                               
   5,   1, 575,  2.0000                                               
   5,   1, 576,  2.0000                                               
   5,   1, 577,  3.0000                                               
   5,   1, 578,  3.0000                                               
   5,   1, 579,  3.0000                                               
   5,   1, 580,  3.0000                                               
   5,   1, 581,  3.0000                                               
   5,   1, 582,  3.0000                                               
   5,   1, 583,  3.0000                                               
   5,   1, 584,  3.0000                                               
   5,   1, 585,  2.0000                                               
   5,   1, 586,  2.0000                                               
   5,   1, 587,  2.0000                                               
   5,   1, 588,  2.0000                                               
   5,   1, 589,  2.0000                                               
   5,   1, 590,  2.0000                                               
   5,   1, 591,  2.0000                                               
   5,   1, 592,  2.0000                                               
   5,   1, 593,  2.0000                                               
   5,   1, 594,  1.0000                                               
   5,   1, 595,  1.0000                                               
   5,   1, 596,  1.0000                                               
   5,   1, 597,  1.0000                                               
   5,   1, 598,  1.0000                                               
   5,   1, 599,  2.0000                                               
   5,   1, 600,  2.0000                                               
   5,   1, 601,  3.0000                                               
   5,   1, 602,  3.0000                                               
   5,   1, 603,  3.0000                                               
   5,   1, 604,  3.0000                                               
   5,   1, 605,  3.0000                                               
   5,   1, 606,  3.0000                                               
   5,   1, 607,  3.0000                                               
   5,   1, 608,  3.0000                                               
   5,   1, 609,  2.0000                                               
   5,   1, 610,  2.0000                                               
   5,   1, 611,  2.0000                                               
   5,   1, 612,  2.0000                                               
   5,   1, 613,  2.0000                                               
   5,   1, 614,  2.0000                                               
   5,   1, 615,  2.0000                                               
   5,   1, 616,  2.0000                                               
   5,   1, 617,  2.0000                                               
   5,   1, 618,  1.0000                                               
   5,   1, 619,  1.0000                                               
   5,   1, 620,  1.0000                                               
   5,   1, 621,  1.0000                                               
   5,   1, 622,  1.0000                                               
   5,   1, 623,  2.0000                                               
   5,   1, 624,  2.0000                                               
   5,   1, 625,  3.0000                                               
   5,   1, 626,  3.0000                                               
   5,   1, 627,  3.0000                                               
   5,   1, 628,  3.0000                                               
   5,   1, 629,  3.0000                                               
   5,   1, 630,  3.0000                                               
   5,   1, 631,  3.0000                                               
   5,   1, 632,  3.0000                                               
   5,   1, 633,  3.0000                                               
   5,   1, 634,  3.0000                                               
   5,   1, 635,  3.0000                                               
   5,   1, 636,  3.0000                                               
   5,   1, 637,  3.0000                                               
   5,   1, 638,  3.0000                                               
   5,   1, 639,  3.0000                                               
   5,   1, 640,  3.0000                                               
   5,   1, 641,  3.0000                                               
   5,   1, 642,  2.0000                                               
   5,   1, 643,  2.0000                                               
   5,   1, 644,  2.0000                                               
   5,   1, 645,  2.0000                                               
   5,   1, 646,  2.0000                                               
   5,   1, 647,  3.0000                                               
   5,   1, 648,  3.0000                                               
   5,   1, 649,  3.0000                                               
   5,   1, 650,  3.0000                                               
   5,   1, 651,  3.0000                                               
   5,   1, 652,  3.0000                                               
   5,   1, 653,  3.0000                                               
   5,   1, 654,  3.0000                                               
   5,   1, 655,  3.0000                                               
   5,   1, 656,  3.0000                                               
   5,   1, 657,  3.0000                                               
   5,   1, 658,  3.0000                                               
   5,   1, 659,  3.0000                                               
   5,   1, 660,  3.0000                                               
   5,   1, 661,  3.0000                                               
   5,   1, 662,  3.0000                                               
   5,   1, 663,  3.0000                                               
   5,   1, 664,  3.0000                                               
   5,   1, 665,  3.0000                                               
   5,   1, 666,  2.0000                                               
   5,   1, 667,  2.0000                                               
   5,   1, 668,  2.0000                                               
   5,   1, 669,  2.0000                                               
   5,   1, 670,  2.0000                                               
   5,   1, 671,  3.0000                                               
   5,   1, 672,  3.0000                                               
   5,   1, 673,  3.0000                                               
   5,   1, 674,  3.0000                                               
   5,   1, 675,  3.0000                                               
   5,   1, 676,  3.0000                                               
   5,   1, 677,  3.0000                                               
   5,   1, 678,  3.0000                                               
   5,   1, 679,  3.0000                                               
   5,   1, 680,  3.0000                                               
   5,   1, 681,  2.0000                                               
   5,   1, 682,  2.0000                                               
   5,   1, 683,  2.0000                                               
   5,   1, 684,  2.0000                                               
   5,   1, 685,  2.0000                                               
   5,   1, 686,  2.0000                                               
   5,   1, 687,  2.0000                                               
   5,   1, 688,  2.0000                                               
   5,   1, 689,  2.0000                                               
   5,   1, 690,  1.0000                                               
   5,   1, 691,  1.0000                                               
   5,   1, 692,  1.0000                                               
   5,   1, 693,  1.0000                                               
   5,   1, 694,  1.0000                                               
   5,   1, 695,  2.0000                                               
   5,   1, 696,  2.0000                                               
   5,   1, 697,  3.0000                                               
   5,   1, 698,  3.0000                                               
   5,   1, 699,  3.0000                                               
   5,   1, 700,  3.0000                                               
   5,   1, 701,  3.0000                                               
   5,   1, 702,  3.0000                                               
   5,   1, 703,  3.0000                                               
   5,   1, 704,  3.0000                                               
   5,   1, 705,  2.0000                                               
   5,   1, 706,  2.0000                                               
   5,   1, 707,  2.0000                                               
   5,   1, 708,  2.0000                                               
   5,   1, 709,  2.0000                                               
   5,   1, 710,  2.0000                                               
   5,   1, 711,  2.0000                                               
   5,   1, 712,  2.0000                                               
   5,   1, 713,  2.0000                                               
   5,   1, 714,  1.0000                                               
   5,   1, 715,  1.0000                                               
   5,   1, 716,  1.0000                                               
   5,   1, 717,  1.0000                                               
   5,   1, 718,  1.0000                                               
   5,   1, 719,  2.0000                                               
   5,   1, 720,  2.0000                                               
   5,   1, 721,  3.0000                                               
   5,   1, 722,  3.0000                                               
   5,   1, 723,  3.0000                                               
   5,   1, 724,  3.0000                                               
   5,   1, 725,  3.0000                                               
   5,   1, 726,  3.0000                                               
   5,   1, 727,  3.0000                                               
   5,   1, 728,  3.0000                                               
   5,   1, 729,  2.0000                                               
   5,   1, 730,  2.0000                                               
   5,   1, 731,  2.0000                                               
   5,   1, 732,  2.0000                                               
   5,   1, 733,  2.0000                                               
   5,   1, 734,  2.0000                                               
   5,   1, 735,  2.0000                                               
   5,   1, 736,  2.0000                                               
   5,   1, 737,  2.0000                                               
   5,   1, 738,  1.0000                                               
   5,   1, 739,  1.0000                                               
   5,   1, 740,  1.0000                                               
   5,   1, 741,  1.0000                                               
   5,   1, 742,  1.0000                                               
   5,   1, 743,  2.0000                                               
   5,   1, 744,  2.0000                                               
   6,   1,   1,  3.0000                                               
   6,   1,   2,  3.0000                                               
   6,   1,   3,  3.0000                                               
   6,   1,   4,  3.0000                                               
   6,   1,   5,  3.0000                                               
   6,   1,   6,  3.0000                                               
   6,   1,   7,  3.0000                                               
   6,   1,   8,  3.0000                                               
   6,   1,   9,  2.0000                                               
   6,   1,  10,  2.0000                                               
   6,   1,  11,  2.0000                                               
   6,   1,  12,  2.0000                                               
   6,   1,  13,  2.0000                                               
   6,   1,  14,  2.0000                                               
   6,   1,  15,  2.0000                                               
   6,   1,  16,  2.0000                                               
   6,   1,  17,  2.0000                                               
   6,   1,  18,  1.0000                                               
   6,   1,  19,  1.0000                                               
   6,   1,  20,  1.0000                                               
   6,   1,  21,  1.0000                                               
   6,   1,  22,  1.0000                                               
   6,   1,  23,  2.0000                                               
   6,   1,  24,  2.0000                                               
   6,   1,  25,  3.0000                                               
   6,   1,  26,  3.0000                                               
   6,   1,  27,  3.0000                                               
   6,   1,  28,  3.0000                                               
   6,   1,  29,  3.0000                                               
   6,   1,  30,  3.0000                                               
   6,   1,  31,  3.0000                                               
   6,   1,  32,  3.0000                                               
   6,   1,  33,  2.0000                                               
   6,   1,  34,  2.0000                                               
   6,   1,  35,  2.0000                                               
   6,   1,  36,  2.0000                                               
   6,   1,  37,  2.0000                                               
   6,   1,  38,  2.0000                                               
   6,   1,  39,  2.0000                                               
   6,   1,  40,  2.0000                                               
   6,   1,  41,  2.0000                                               
   6,   1,  42,  1.0000                                               
   6,   1,  43,  1.0000                                               
   6,   1,  44,  1.0000                                               
   6,   1,  45,  1.0000                                               
   6,   1,  46,  1.0000                                               
   6,   1,  47,  2.0000                                               
   6,   1,  48,  2.0000                                               
   6,   1,  49,  3.0000                                               
   6,   1,  50,  3.0000                                               
   6,   1,  51,  3.0000                                               
   6,   1,  52,  3.0000                                               
   6,   1,  53,  3.0000                                               
   6,   1,  54,  3.0000                                               
   6,   1,  55,  3.0000                                               
   6,   1,  56,  3.0000                                               
   6,   1,  57,  3.0000                                               
   6,   1,  58,  3.0000                                               
   6,   1,  59,  3.0000                                               
   6,   1,  60,  3.0000                                               
   6,   1,  61,  3.0000                                               
   6,   1,  62,  3.0000                                               
   6,   1,  63,  3.0000                                               
   6,   1,  64,  3.0000                                               
   6,   1,  65,  3.0000                                               
   6,   1,  66,  2.0000                                               
   6,   1,  67,  2.0000                                               
   6,   1,  68,  2.0000                                               
   6,   1,  69,  2.0000                                               
   6,   1,  70,  2.0000                                               
   6,   1,  71,  3.0000                                               
   6,   1,  72,  3.0000                                               
   6,   1,  73,  3.0000                                               
   6,   1,  74,  3.0000                                               
   6,   1,  75,  3.0000                                               
   6,   1,  76,  3.0000                                               
   6,   1,  77,  3.0000                                               
   6,   1,  78,  3.0000                                               
   6,   1,  79,  3.0000                                               
   6,   1,  80,  3.0000                                               
   6,   1,  81,  3.0000                                               
   6,   1,  82,  3.0000                                               
   6,   1,  83,  3.0000                                               
   6,   1,  84,  3.0000                                               
   6,   1,  85,  3.0000                                               
   6,   1,  86,  3.0000                                               
   6,   1,  87,  3.0000                                               
   6,   1,  88,  3.0000                                               
   6,   1,  89,  3.0000                                               
   6,   1,  90,  2.0000                                               
   6,   1,  91,  2.0000                                               
   6,   1,  92,  2.0000                                               
   6,   1,  93,  2.0000                                               
   6,   1,  94,  2.0000                                               
   6,   1,  95,  3.0000                                               
   6,   1,  96,  3.0000                                               
   6,   1,  97,  3.0000                                               
   6,   1,  98,  3.0000                                               
   6,   1,  99,  3.0000                                               
   6,   1, 100,  3.0000                                               
   6,   1, 101,  3.0000                                               
   6,   1, 102,  3.0000                                               
   6,   1, 103,  3.0000                                               
   6,   1, 104,  3.0000                                               
   6,   1, 105,  2.0000                                               
   6,   1, 106,  2.0000                                               
   6,   1, 107,  2.0000                                               
   6,   1, 108,  2.0000                                               
   6,   1, 109,  2.0000                                               
   6,   1, 110,  2.0000                                               
   6,   1, 111,  2.0000                                               
   6,   1, 112,  2.0000                                               
   6,   1, 113,  2.0000                                               
   6,   1, 114,  1.0000                                               
   6,   1, 115,  1.0000                                               
   6,   1, 116,  1.0000                                               
   6,   1, 117,  1.0000                                               
   6,   1, 118,  1.0000                                               
   6,   1, 119,  2.0000                                               
   6,   1, 120,  2.0000                                               
   6,   1, 121,  3.0000                                               
   6,   1, 122,  3.0000                                               
   6,   1, 123,  3.0000                                               
   6,   1, 124,  3.0000                                               
   6,   1, 125,  3.0000                                               
   6,   1, 126,  3.0000                                               
   6,   1, 127,  3.0000                                               
   6,   1, 128,  3.0000                                               
   6,   1, 129,  2.0000                                               
   6,   1, 130,  2.0000                                               
   6,   1, 131,  2.0000                                               
   6,   1, 132,  2.0000                                               
   6,   1, 133,  2.0000                                               
   6,   1, 134,  2.0000                                               
   6,   1, 135,  2.0000                                               
   6,   1, 136,  2.0000                                               
   6,   1, 137,  2.0000                                               
   6,   1, 138,  1.0000                                               
   6,   1, 139,  1.0000                                               
   6,   1, 140,  1.0000                                               
   6,   1, 141,  1.0000                                               
   6,   1, 142,  1.0000                                               
   6,   1, 143,  2.0000                                               
   6,   1, 144,  2.0000                                               
   6,   1, 145,  3.0000                                               
   6,   1, 146,  3.0000                                               
   6,   1, 147,  3.0000                                               
   6,   1, 148,  3.0000                                               
   6,   1, 149,  3.0000                                               
   6,   1, 150,  3.0000                                               
   6,   1, 151,  3.0000                                               
   6,   1, 152,  3.0000                                               
   6,   1, 153,  2.0000                                               
   6,   1, 154,  2.0000                                               
   6,   1, 155,  2.0000                                               
   6,   1, 156,  2.0000                                               
   6,   1, 157,  2.0000                                               
   6,   1, 158,  2.0000                                               
   6,   1, 159,  2.0000                                               
   6,   1, 160,  2.0000                                               
   6,   1, 161,  2.0000                                               
   6,   1, 162,  1.0000                                               
   6,   1, 163,  1.0000                                               
   6,   1, 164,  1.0000                                               
   6,   1, 165,  1.0000                                               
   6,   1, 166,  1.0000                                               
   6,   1, 167,  2.0000                                               
   6,   1, 168,  2.0000                                               
   6,   1, 169,  3.0000                                               
   6,   1, 170,  3.0000                                               
   6,   1, 171,  3.0000                                               
   6,   1, 172,  3.0000                                               
   6,   1, 173,  3.0000                                               
   6,   1, 174,  3.0000                                               
   6,   1, 175,  3.0000                                               
   6,   1, 176,  3.0000                                               
   6,   1, 177,  3.0000                                               
   6,   1, 178,  3.0000                                               
   6,   1, 179,  3.0000                                               
   6,   1, 180,  3.0000                                               
   6,   1, 181,  3.0000                                               
   6,   1, 182,  3.0000                                               
   6,   1, 183,  3.0000                                               
   6,   1, 184,  3.0000                                               
   6,   1, 185,  3.0000                                               
   6,   1, 186,  2.0000                                               
   6,   1, 187,  2.0000                                               
   6,   1, 188,  2.0000                                               
   6,   1, 189,  2.0000                                               
   6,   1, 190,  2.0000                                               
   6,   1, 191,  3.0000                                               
   6,   1, 192,  3.0000                                               
   6,   1, 193,  3.0000                                               
   6,   1, 194,  3.0000                                               
   6,   1, 195,  3.0000                                               
   6,   1, 196,  3.0000                                               
   6,   1, 197,  3.0000                                               
   6,   1, 198,  3.0000                                               
   6,   1, 199,  3.0000                                               
   6,   1, 200,  3.0000                                               
   6,   1, 201,  2.0000                                               
   6,   1, 202,  2.0000                                               
   6,   1, 203,  2.0000                                               
   6,   1, 204,  2.0000                                               
   6,   1, 205,  2.0000                                               
   6,   1, 206,  2.0000                                               
   6,   1, 207,  2.0000                                               
   6,   1, 208,  2.0000                                               
   6,   1, 209,  2.0000                                               
   6,   1, 210,  1.0000                                               
   6,   1, 211,  1.0000                                               
   6,   1, 212,  1.0000                                               
   6,   1, 213,  1.0000                                               
   6,   1, 214,  1.0000                                               
   6,   1, 215,  2.0000                                               
   6,   1, 216,  2.0000                                               
   6,   1, 217,  3.0000                                               
   6,   1, 218,  3.0000                                               
   6,   1, 219,  3.0000                                               
   6,   1, 220,  3.0000                                               
   6,   1, 221,  3.0000                                               
   6,   1, 222,  3.0000                                               
   6,   1, 223,  3.0000                                               
   6,   1, 224,  3.0000                                               
   6,   1, 225,  3.0000                                               
   6,   1, 226,  3.0000                                               
   6,   1, 227,  3.0000                                               
   6,   1, 228,  3.0000                                               
   6,   1, 229,  3.0000                                               
   6,   1, 230,  3.0000                                               
   6,   1, 231,  3.0000                                               
   6,   1, 232,  3.0000                                               
   6,   1, 233,  3.0000                                               
   6,   1, 234,  2.0000                                               
   6,   1, 235,  2.0000                                               
   6,   1, 236,  2.0000                                               
   6,   1, 237,  2.0000                                               
   6,   1, 238,  2.0000                                               
   6,   1, 239,  3.0000                                               
   6,   1, 240,  3.0000                                               
   6,   1, 241,  3.0000                                               
   6,   1, 242,  3.0000                                               
   6,   1, 243,  3.0000                                               
   6,   1, 244,  3.0000                                               
   6,   1, 245,  3.0000                                               
   6,   1, 246,  3.0000                                               
   6,   1, 247,  3.0000                                               
   6,   1, 248,  3.0000                                               
   6,   1, 249,  3.0000                                               
   6,   1, 250,  3.0000                                               
   6,   1, 251,  3.0000                                               
   6,   1, 252,  3.0000                                               
   6,   1, 253,  3.0000                                               
   6,   1, 254,  3.0000                                               
   6,   1, 255,  3.0000                                               
   6,   1, 256,  3.0000                                               
   6,   1, 257,  3.0000                                               
   6,   1, 258,  2.0000                                               
   6,   1, 259,  2.0000                                               
   6,   1, 260,  2.0000                                               
   6,   1, 261,  2.0000                                               
   6,   1, 262,  2.0000                                               
   6,   1, 263,  3.0000                                               
   6,   1, 264,  3.0000                                               
   6,   1, 265,  3.0000                                               
   6,   1, 266,  3.0000                                               
   6,   1, 267,  3.0000                                               
   6,   1, 268,  3.0000                                               
   6,   1, 269,  3.0000                                               
   6,   1, 270,  3.0000                                               
   6,   1, 271,  3.0000                                               
   6,   1, 272,  3.0000                                               
   6,   1, 273,  2.0000                                               
   6,   1, 274,  2.0000                                               
   6,   1, 275,  2.0000                                               
   6,   1, 276,  2.0000                                               
   6,   1, 277,  2.0000                                               
   6,   1, 278,  2.0000                                               
   6,   1, 279,  2.0000                                               
   6,   1, 280,  2.0000                                               
   6,   1, 281,  2.0000                                               
   6,   1, 282,  1.0000                                               
   6,   1, 283,  1.0000                                               
   6,   1, 284,  1.0000                                               
   6,   1, 285,  1.0000                                               
   6,   1, 286,  1.0000                                               
   6,   1, 287,  2.0000                                               
   6,   1, 288,  2.0000                                               
   6,   1, 289,  3.0000                                               
   6,   1, 290,  3.0000                                               
   6,   1, 291,  3.0000                                               
   6,   1, 292,  3.0000                                               
   6,   1, 293,  3.0000                                               
   6,   1, 294,  3.0000                                               
   6,   1, 295,  3.0000                                               
   6,   1, 296,  3.0000                                               
   6,   1, 297,  2.0000                                               
   6,   1, 298,  2.0000                                               
   6,   1, 299,  2.0000                                               
   6,   1, 300,  2.0000                                               
   6,   1, 301,  2.0000                                               
   6,   1, 302,  2.0000                                               
   6,   1, 303,  2.0000                                               
   6,   1, 304,  2.0000                                               
   6,   1, 305,  2.0000                                               
   6,   1, 306,  1.0000                                               
   6,   1, 307,  1.0000                                               
   6,   1, 308,  1.0000                                               
   6,   1, 309,  1.0000                                               
   6,   1, 310,  1.0000                                               
   6,   1, 311,  2.0000                                               
   6,   1, 312,  2.0000                                               
   6,   1, 313,  3.0000                                               
   6,   1, 314,  3.0000                                               
   6,   1, 315,  3.0000                                               
   6,   1, 316,  3.0000                                               
   6,   1, 317,  3.0000                                               
   6,   1, 318,  3.0000                                               
   6,   1, 319,  3.0000                                               
   6,   1, 320,  3.0000                                               
   6,   1, 321,  2.0000                                               
   6,   1, 322,  2.0000                                               
   6,   1, 323,  2.0000                                               
   6,   1, 324,  2.0000                                               
   6,   1, 325,  2.0000                                               
   6,   1, 326,  2.0000                                               
   6,   1, 327,  2.0000                                               
   6,   1, 328,  2.0000                                               
   6,   1, 329,  2.0000                                               
   6,   1, 330,  1.0000                                               
   6,   1, 331,  1.0000                                               
   6,   1, 332,  1.0000                                               
   6,   1, 333,  1.0000                                               
   6,   1, 334,  1.0000                                               
   6,   1, 335,  2.0000                                               
   6,   1, 336,  2.0000                                               
   6,   1, 337,  3.0000                                               
   6,   1, 338,  3.0000                                               
   6,   1, 339,  3.0000                                               
   6,   1, 340,  3.0000                                               
   6,   1, 341,  3.0000                                               
   6,   1, 342,  3.0000                                               
   6,   1, 343,  3.0000                                               
   6,   1, 344,  3.0000                                               
   6,   1, 345,  2.0000                                               
   6,   1, 346,  2.0000                                               
   6,   1, 347,  2.0000                                               
   6,   1, 348,  2.0000                                               
   6,   1, 349,  2.0000                                               
   6,   1, 350,  2.0000                                               
   6,   1, 351,  2.0000                                               
   6,   1, 352,  2.0000                                               
   6,   1, 353,  2.0000                                               
   6,   1, 354,  1.0000                                               
   6,   1, 355,  1.0000                                               
   6,   1, 356,  1.0000                                               
   6,   1, 357,  1.0000                                               
   6,   1, 358,  1.0000                                               
   6,   1, 359,  2.0000                                               
   6,   1, 360,  2.0000                                               
   6,   1, 361,  3.0000                                               
   6,   1, 362,  3.0000                                               
   6,   1, 363,  3.0000                                               
   6,   1, 364,  3.0000                                               
   6,   1, 365,  3.0000                                               
   6,   1, 366,  3.0000                                               
   6,   1, 367,  3.0000                                               
   6,   1, 368,  3.0000                                               
   6,   1, 369,  2.0000                                               
   6,   1, 370,  2.0000                                               
   6,   1, 371,  2.0000                                               
   6,   1, 372,  2.0000                                               
   6,   1, 373,  2.0000                                               
   6,   1, 374,  2.0000                                               
   6,   1, 375,  2.0000                                               
   6,   1, 376,  2.0000                                               
   6,   1, 377,  2.0000                                               
   6,   1, 378,  1.0000                                               
   6,   1, 379,  1.0000                                               
   6,   1, 380,  1.0000                                               
   6,   1, 381,  1.0000                                               
   6,   1, 382,  1.0000                                               
   6,   1, 383,  2.0000                                               
   6,   1, 384,  2.0000                                               
   6,   1, 385,  3.0000                                               
   6,   1, 386,  3.0000                                               
   6,   1, 387,  3.0000                                               
   6,   1, 388,  3.0000                                               
   6,   1, 389,  3.0000                                               
   6,   1, 390,  3.0000                                               
   6,   1, 391,  3.0000                                               
   6,   1, 392,  3.0000                                               
   6,   1, 393,  3.0000                                               
   6,   1, 394,  3.0000                                               
   6,   1, 395,  3.0000                                               
   6,   1, 396,  3.0000                                               
   6,   1, 397,  3.0000                                               
   6,   1, 398,  3.0000                                               
   6,   1, 399,  3.0000                                               
   6,   1, 400,  3.0000                                               
   6,   1, 401,  3.0000                                               
   6,   1, 402,  2.0000                                               
   6,   1, 403,  2.0000                                               
   6,   1, 404,  2.0000                                               
   6,   1, 405,  2.0000                                               
   6,   1, 406,  2.0000                                               
   6,   1, 407,  3.0000                                               
   6,   1, 408,  3.0000                                               
   6,   1, 409,  3.0000                                               
   6,   1, 410,  3.0000                                               
   6,   1, 411,  3.0000                                               
   6,   1, 412,  3.0000                                               
   6,   1, 413,  3.0000                                               
   6,   1, 414,  3.0000                                               
   6,   1, 415,  3.0000                                               
   6,   1, 416,  3.0000                                               
   6,   1, 417,  3.0000                                               
   6,   1, 418,  3.0000                                               
   6,   1, 419,  3.0000                                               
   6,   1, 420,  3.0000                                               
   6,   1, 421,  3.0000                                               
   6,   1, 422,  3.0000                                               
   6,   1, 423,  3.0000                                               
   6,   1, 424,  3.0000                                               
   6,   1, 425,  3.0000                                               
   6,   1, 426,  2.0000                                               
   6,   1, 427,  2.0000                                               
   6,   1, 428,  2.0000                                               
   6,   1, 429,  2.0000                                               
   6,   1, 430,  2.0000                                               
   6,   1, 431,  3.0000                                               
   6,   1, 432,  3.0000                                               
   6,   1, 433,  3.0000                                               
   6,   1, 434,  3.0000                                               
   6,   1, 435,  3.0000                                               
   6,   1, 436,  3.0000                                               
   6,   1, 437,  3.0000                                               
   6,   1, 438,  3.0000                                               
   6,   1, 439,  3.0000                                               
   6,   1, 440,  3.0000                                               
   6,   1, 441,  2.0000                                               
   6,   1, 442,  2.0000                                               
   6,   1, 443,  2.0000                                               
   6,   1, 444,  2.0000                                               
   6,   1, 445,  2.0000                                               
   6,   1, 446,  2.0000                                               
   6,   1, 447,  2.0000                                               
   6,   1, 448,  2.0000                                               
   6,   1, 449,  2.0000                                               
   6,   1, 450,  1.0000                                               
   6,   1, 451,  1.0000                                               
   6,   1, 452,  1.0000                                               
   6,   1, 453,  1.0000                                               
   6,   1, 454,  1.0000                                               
   6,   1, 455,  2.0000                                               
   6,   1, 456,  2.0000                                               
   6,   1, 457,  3.0000                                               
   6,   1, 458,  3.0000                                               
   6,   1, 459,  3.0000                                               
   6,   1, 460,  3.0000                                               
   6,   1, 461,  3.0000                                               
   6,   1, 462,  3.0000                                               
   6,   1, 463,  3.0000                                               
   6,   1, 464,  3.0000                                               
   6,   1, 465,  2.0000                                               
   6,   1, 466,  2.0000                                               
   6,   1, 467,  2.0000                                               
   6,   1, 468,  2.0000                                               
   6,   1, 469,  2.0000                                               
   6,   1, 470,  2.0000                                               
   6,   1, 471,  2.0000                                               
   6,   1, 472,  2.0000                                               
   6,   1, 473,  2.0000                                               
   6,   1, 474,  1.0000                                               
   6,   1, 475,  1.0000                                               
   6,   1, 476,  1.0000                                               
   6,   1, 477,  1.0000                                               
   6,   1, 478,  1.0000                                               
   6,   1, 479,  2.0000                                               
   6,   1, 480,  2.0000                                               
   6,   1, 481,  3.0000                                               
   6,   1, 482,  3.0000                                               
   6,   1, 483,  3.0000                                               
   6,   1, 484,  3.0000                                               
   6,   1, 485,  3.0000                                               
   6,   1, 486,  3.0000                                               
   6,   1, 487,  3.0000                                               
   6,   1, 488,  3.0000                                               
   6,   1, 489,  2.0000                                               
   6,   1, 490,  2.0000                                               
   6,   1, 491,  2.0000                                               
   6,   1, 492,  2.0000                                               
   6,   1, 493,  2.0000                                               
   6,   1, 494,  2.0000                                               
   6,   1, 495,  2.0000                                               
   6,   1, 496,  2.0000                                               
   6,   1, 497,  2.0000                                               
   6,   1, 498,  1.0000                                               
   6,   1, 499,  1.0000                                               
   6,   1, 500,  1.0000                                               
   6,   1, 501,  1.0000                                               
   6,   1, 502,  1.0000                                               
   6,   1, 503,  2.0000                                               
   6,   1, 504,  2.0000                                               
   6,   1, 505,  3.0000                                               
   6,   1, 506,  3.0000                                               
   6,   1, 507,  3.0000                                               
   6,   1, 508,  3.0000                                               
   6,   1, 509,  3.0000                                               
   6,   1, 510,  3.0000                                               
   6,   1, 511,  3.0000                                               
   6,   1, 512,  3.0000                                               
   6,   1, 513,  2.0000                                               
   6,   1, 514,  2.0000                                               
   6,   1, 515,  2.0000                                               
   6,   1, 516,  2.0000                                               
   6,   1, 517,  2.0000                                               
   6,   1, 518,  2.0000                                               
   6,   1, 519,  2.0000                                               
   6,   1, 520,  2.0000                                               
   6,   1, 521,  2.0000                                               
   6,   1, 522,  1.0000                                               
   6,   1, 523,  1.0000                                               
   6,   1, 524,  1.0000                                               
   6,   1, 525,  1.0000                                               
   6,   1, 526,  1.0000                                               
   6,   1, 527,  2.0000                                               
   6,   1, 528,  2.0000                                               
   6,   1, 529,  3.0000                                               
   6,   1, 530,  3.0000                                               
   6,   1, 531,  3.0000                                               
   6,   1, 532,  3.0000                                               
   6,   1, 533,  3.0000                                               
   6,   1, 534,  3.0000                                               
   6,   1, 535,  3.0000                                               
   6,   1, 536,  3.0000                                               
   6,   1, 537,  2.0000                                               
   6,   1, 538,  2.0000                                               
   6,   1, 539,  2.0000                                               
   6,   1, 540,  2.0000                                               
   6,   1, 541,  2.0000                                               
   6,   1, 542,  2.0000                                               
   6,   1, 543,  2.0000                                               
   6,   1, 544,  2.0000                                               
   6,   1, 545,  2.0000                                               
   6,   1, 546,  1.0000                                               
   6,   1, 547,  1.0000                                               
   6,   1, 548,  1.0000                                               
   6,   1, 549,  1.0000                                               
   6,   1, 550,  1.0000                                               
   6,   1, 551,  2.0000                                               
   6,   1, 552,  2.0000                                               
   6,   1, 553,  3.0000                                               
   6,   1, 554,  3.0000                                               
   6,   1, 555,  3.0000                                               
   6,   1, 556,  3.0000                                               
   6,   1, 557,  3.0000                                               
   6,   1, 558,  3.0000                                               
   6,   1, 559,  3.0000                                               
   6,   1, 560,  3.0000                                               
   6,   1, 561,  3.0000                                               
   6,   1, 562,  3.0000                                               
   6,   1, 563,  3.0000                                               
   6,   1, 564,  3.0000                                               
   6,   1, 565,  3.0000                                               
   6,   1, 566,  3.0000                                               
   6,   1, 567,  3.0000                                               
   6,   1, 568,  3.0000                                               
   6,   1, 569,  3.0000                                               
   6,   1, 570,  2.0000                                               
   6,   1, 571,  2.0000                                               
   6,   1, 572,  2.0000                                               
   6,   1, 573,  2.0000                                               
   6,   1, 574,  2.0000                                               
   6,   1, 575,  3.0000                                               
   6,   1, 576,  3.0000                                               
   6,   1, 577,  3.0000                                               
   6,   1, 578,  3.0000                                               
   6,   1, 579,  3.0000                                               
   6,   1, 580,  3.0000                                               
   6,   1, 581,  3.0000                                               
   6,   1, 582,  3.0000                                               
   6,   1, 583,  3.0000                                               
   6,   1, 584,  3.0000                                               
   6,   1, 585,  3.0000                                               
   6,   1, 586,  3.0000                                               
   6,   1, 587,  3.0000                                               
   6,   1, 588,  3.0000                                               
   6,   1, 589,  3.0000                                               
   6,   1, 590,  3.0000                                               
   6,   1, 591,  3.0000                                               
   6,   1, 592,  3.0000                                               
   6,   1, 593,  3.0000                                               
   6,   1, 594,  2.0000                                               
   6,   1, 595,  2.0000                                               
   6,   1, 596,  2.0000                                               
   6,   1, 597,  2.0000                                               
   6,   1, 598,  2.0000                                               
   6,   1, 599,  3.0000                                               
   6,   1, 600,  3.0000                                               
   6,   1, 601,  3.0000                                               
   6,   1, 602,  3.0000                                               
   6,   1, 603,  3.0000                                               
   6,   1, 604,  3.0000                                               
   6,   1, 605,  3.0000                                               
   6,   1, 606,  3.0000                                               
   6,   1, 607,  3.0000                                               
   6,   1, 608,  3.0000                                               
   6,   1, 609,  2.0000                                               
   6,   1, 610,  2.0000                                               
   6,   1, 611,  2.0000                                               
   6,   1, 612,  2.0000                                               
   6,   1, 613,  2.0000                                               
   6,   1, 614,  2.0000                                               
   6,   1, 615,  2.0000                                               
   6,   1, 616,  2.0000                                               
   6,   1, 617,  2.0000                                               
   6,   1, 618,  1.0000                                               
   6,   1, 619,  1.0000                                               
   6,   1, 620,  1.0000                                               
   6,   1, 621,  1.0000                                               
   6,   1, 622,  1.0000                                               
   6,   1, 623,  2.0000                                               
   6,   1, 624,  2.0000                                               
   6,   1, 625,  3.0000                                               
   6,   1, 626,  3.0000                                               
   6,   1, 627,  3.0000                                               
   6,   1, 628,  3.0000                                               
   6,   1, 629,  3.0000                                               
   6,   1, 630,  3.0000                                               
   6,   1, 631,  3.0000                                               
   6,   1, 632,  3.0000                                               
   6,   1, 633,  2.0000                                               
   6,   1, 634,  2.0000                                               
   6,   1, 635,  2.0000                                               
   6,   1, 636,  2.0000                                               
   6,   1, 637,  2.0000                                               
   6,   1, 638,  2.0000                                               
   6,   1, 639,  2.0000                                               
   6,   1, 640,  2.0000                                               
   6,   1, 641,  2.0000                                               
   6,   1, 642,  1.0000                                               
   6,   1, 643,  1.0000                                               
   6,   1, 644,  1.0000                                               
   6,   1, 645,  1.0000                                               
   6,   1, 646,  1.0000                                               
   6,   1, 647,  2.0000                                               
   6,   1, 648,  2.0000                                               
   6,   1, 649,  3.0000                                               
   6,   1, 650,  3.0000                                               
   6,   1, 651,  3.0000                                               
   6,   1, 652,  3.0000                                               
   6,   1, 653,  3.0000                                               
   6,   1, 654,  3.0000                                               
   6,   1, 655,  3.0000                                               
   6,   1, 656,  3.0000                                               
   6,   1, 657,  2.0000                                               
   6,   1, 658,  2.0000                                               
   6,   1, 659,  2.0000                                               
   6,   1, 660,  2.0000                                               
   6,   1, 661,  2.0000                                               
   6,   1, 662,  2.0000                                               
   6,   1, 663,  2.0000                                               
   6,   1, 664,  2.0000                                               
   6,   1, 665,  2.0000                                               
   6,   1, 666,  1.0000                                               
   6,   1, 667,  1.0000                                               
   6,   1, 668,  1.0000                                               
   6,   1, 669,  1.0000                                               
   6,   1, 670,  1.0000                                               
   6,   1, 671,  2.0000                                               
   6,   1, 672,  2.0000                                               
   6,   1, 673,  3.0000                                               
   6,   1, 674,  3.0000                                               
   6,   1, 675,  3.0000                                               
   6,   1, 676,  3.0000                                               
   6,   1, 677,  3.0000                                               
   6,   1, 678,  3.0000                                               
   6,   1, 679,  3.0000                                               
   6,   1, 680,  3.0000                                               
   6,   1, 681,  2.0000                                               
   6,   1, 682,  2.0000                                               
   6,   1, 683,  2.0000                                               
   6,   1, 684,  2.0000                                               
   6,   1, 685,  2.0000                                               
   6,   1, 686,  2.0000                                               
   6,   1, 687,  2.0000                                               
   6,   1, 688,  2.0000                                               
   6,   1, 689,  2.0000                                               
   6,   1, 690,  1.0000                                               
   6,   1, 691,  1.0000                                               
   6,   1, 692,  1.0000                                               
   6,   1, 693,  1.0000                                               
   6,   1, 694,  1.0000                                               
   6,   1, 695,  2.0000                                               
   6,   1, 696,  2.0000                                               
   6,   1, 697,  3.0000                                               
   6,   1, 698,  3.0000                                               
   6,   1, 699,  3.0000                                               
   6,   1, 700,  3.0000                                               
   6,   1, 701,  3.0000                                               
   6,   1, 702,  3.0000                                               
   6,   1, 703,  3.0000                                               
   6,   1, 704,  3.0000                                               
   6,   1, 705,  2.0000                                               
   6,   1, 706,  2.0000                                               
   6,   1, 707,  2.0000                                               
   6,   1, 708,  2.0000                                               
   6,   1, 709,  2.0000                                               
   6,   1, 710,  2.0000                                               
   6,   1, 711,  2.0000                                               
   6,   1, 712,  2.0000                                               
   6,   1, 713,  2.0000                                               
   6,   1, 714,  1.0000                                               
   6,   1, 715,  1.0000                                               
   6,   1, 716,  1.0000                                               
   6,   1, 717,  1.0000                                               
   6,   1, 718,  1.0000                                               
   6,   1, 719,  2.0000                                               
   6,   1, 720,  2.0000                                               
   7,   1,   1,  3.0000                                               
   7,   1,   2,  3.0000                                               
   7,   1,   3,  3.0000                                               
   7,   1,   4,  3.0000                                               
   7,   1,   5,  3.0000                                               
   7,   1,   6,  3.0000                                               
   7,   1,   7,  3.0000                                               
   7,   1,   8,  3.0000                                               
   7,   1,   9,  3.0000                                               
   7,   1,  10,  3.0000                                               
   7,   1,  11,  3.0000                                               
   7,   1,  12,  3.0000                                               
   7,   1,  13,  3.0000                                               
   7,   1,  14,  3.0000                                               
   7,   1,  15,  3.0000                                               
   7,   1,  16,  3.0000                                               
   7,   1,  17,  3.0000                                               
   7,   1,  18,  2.0000                                               
   7,   1,  19,  2.0000                                               
   7,   1,  20,  2.0000                                               
   7,   1,  21,  2.0000                                               
   7,   1,  22,  2.0000                                               
   7,   1,  23,  3.0000                                               
   7,   1,  24,  3.0000                                               
   7,   1,  25,  3.0000                                               
   7,   1,  26,  3.0000                                               
   7,   1,  27,  3.0000                                               
   7,   1,  28,  3.0000                                               
   7,   1,  29,  3.0000                                               
   7,   1,  30,  3.0000                                               
   7,   1,  31,  3.0000                                               
   7,   1,  32,  3.0000                                               
   7,   1,  33,  3.0000                                               
   7,   1,  34,  3.0000                                               
   7,   1,  35,  3.0000                                               
   7,   1,  36,  3.0000                                               
   7,   1,  37,  3.0000                                               
   7,   1,  38,  3.0000                                               
   7,   1,  39,  3.0000                                               
   7,   1,  40,  3.0000                                               
   7,   1,  41,  3.0000                                               
   7,   1,  42,  2.0000                                               
   7,   1,  43,  2.0000                                               
   7,   1,  44,  2.0000                                               
   7,   1,  45,  2.0000                                               
   7,   1,  46,  2.0000                                               
   7,   1,  47,  3.0000                                               
   7,   1,  48,  3.0000                                               
   7,   1,  49,  3.0000                                               
   7,   1,  50,  3.0000                                               
   7,   1,  51,  3.0000                                               
   7,   1,  52,  3.0000                                               
   7,   1,  53,  3.0000                                               
   7,   1,  54,  3.0000                                               
   7,   1,  55,  3.0000                                               
   7,   1,  56,  3.0000                                               
   7,   1,  57,  2.0000                                               
   7,   1,  58,  2.0000                                               
   7,   1,  59,  2.0000                                               
   7,   1,  60,  2.0000                                               
   7,   1,  61,  2.0000                                               
   7,   1,  62,  2.0000                                               
   7,   1,  63,  2.0000                                               
   7,   1,  64,  2.0000                                               
   7,   1,  65,  2.0000                                               
   7,   1,  66,  1.0000                                               
   7,   1,  67,  1.0000                                               
   7,   1,  68,  1.0000                                               
   7,   1,  69,  1.0000                                               
   7,   1,  70,  1.0000                                               
   7,   1,  71,  2.0000                                               
   7,   1,  72,  2.0000                                               
   7,   1,  73,  3.0000                                               
   7,   1,  74,  3.0000                                               
   7,   1,  75,  3.0000                                               
   7,   1,  76,  3.0000                                               
   7,   1,  77,  3.0000                                               
   7,   1,  78,  3.0000                                               
   7,   1,  79,  3.0000                                               
   7,   1,  80,  3.0000                                               
   7,   1,  81,  2.0000                                               
   7,   1,  82,  2.0000                                               
   7,   1,  83,  2.0000                                               
   7,   1,  84,  2.0000                                               
   7,   1,  85,  2.0000                                               
   7,   1,  86,  2.0000                                               
   7,   1,  87,  2.0000                                               
   7,   1,  88,  2.0000                                               
   7,   1,  89,  2.0000                                               
   7,   1,  90,  1.0000                                               
   7,   1,  91,  1.0000                                               
   7,   1,  92,  1.0000                                               
   7,   1,  93,  1.0000                                               
   7,   1,  94,  1.0000                                               
   7,   1,  95,  2.0000                                               
   7,   1,  96,  2.0000                                               
   7,   1,  97,  3.0000                                               
   7,   1,  98,  3.0000                                               
   7,   1,  99,  3.0000                                               
   7,   1, 100,  3.0000                                               
   7,   1, 101,  3.0000                                               
   7,   1, 102,  3.0000                                               
   7,   1, 103,  3.0000                                               
   7,   1, 104,  3.0000                                               
   7,   1, 105,  2.0000                                               
   7,   1, 106,  2.0000                                               
   7,   1, 107,  2.0000                                               
   7,   1, 108,  2.0000                                               
   7,   1, 109,  2.0000                                               
   7,   1, 110,  2.0000                                               
   7,   1, 111,  2.0000                                               
   7,   1, 112,  2.0000                                               
   7,   1, 113,  2.0000                                               
   7,   1, 114,  1.0000                                               
   7,   1, 115,  1.0000                                               
   7,   1, 116,  1.0000                                               
   7,   1, 117,  1.0000                                               
   7,   1, 118,  1.0000                                               
   7,   1, 119,  2.0000                                               
   7,   1, 120,  2.0000                                               
   7,   1, 121,  3.0000                                               
   7,   1, 122,  3.0000                                               
   7,   1, 123,  3.0000                                               
   7,   1, 124,  3.0000                                               
   7,   1, 125,  3.0000                                               
   7,   1, 126,  3.0000                                               
   7,   1, 127,  3.0000                                               
   7,   1, 128,  3.0000                                               
   7,   1, 129,  2.0000                                               
   7,   1, 130,  2.0000                                               
   7,   1, 131,  2.0000                                               
   7,   1, 132,  2.0000                                               
   7,   1, 133,  2.0000                                               
   7,   1, 134,  2.0000                                               
   7,   1, 135,  2.0000                                               
   7,   1, 136,  2.0000                                               
   7,   1, 137,  2.0000                                               
   7,   1, 138,  1.0000                                               
   7,   1, 139,  1.0000                                               
   7,   1, 140,  1.0000                                               
   7,   1, 141,  1.0000                                               
   7,   1, 142,  1.0000                                               
   7,   1, 143,  2.0000                                               
   7,   1, 144,  2.0000                                               
   7,   1, 145,  3.0000                                               
   7,   1, 146,  3.0000                                               
   7,   1, 147,  3.0000                                               
   7,   1, 148,  3.0000                                               
   7,   1, 149,  3.0000                                               
   7,   1, 150,  3.0000                                               
   7,   1, 151,  3.0000                                               
   7,   1, 152,  3.0000                                               
   7,   1, 153,  2.0000                                               
   7,   1, 154,  2.0000                                               
   7,   1, 155,  2.0000                                               
   7,   1, 156,  2.0000                                               
   7,   1, 157,  2.0000                                               
   7,   1, 158,  2.0000                                               
   7,   1, 159,  2.0000                                               
   7,   1, 160,  2.0000                                               
   7,   1, 161,  2.0000                                               
   7,   1, 162,  1.0000                                               
   7,   1, 163,  1.0000                                               
   7,   1, 164,  1.0000                                               
   7,   1, 165,  1.0000                                               
   7,   1, 166,  1.0000                                               
   7,   1, 167,  2.0000                                               
   7,   1, 168,  2.0000                                               
   7,   1, 169,  3.0000                                               
   7,   1, 170,  3.0000                                               
   7,   1, 171,  3.0000                                               
   7,   1, 172,  3.0000                                               
   7,   1, 173,  3.0000                                               
   7,   1, 174,  3.0000                                               
   7,   1, 175,  3.0000                                               
   7,   1, 176,  3.0000                                               
   7,   1, 177,  3.0000                                               
   7,   1, 178,  3.0000                                               
   7,   1, 179,  3.0000                                               
   7,   1, 180,  3.0000                                               
   7,   1, 181,  3.0000                                               
   7,   1, 182,  3.0000                                               
   7,   1, 183,  3.0000                                               
   7,   1, 184,  3.0000                                               
   7,   1, 185,  3.0000                                               
   7,   1, 186,  2.0000                                               
   7,   1, 187,  2.0000                                               
   7,   1, 188,  2.0000                                               
   7,   1, 189,  2.0000                                               
   7,   1, 190,  2.0000                                               
   7,   1, 191,  3.0000                                               
   7,   1, 192,  3.0000                                               
   7,   1, 193,  3.0000                                               
   7,   1, 194,  3.0000                                               
   7,   1, 195,  3.0000                                               
   7,   1, 196,  3.0000                                               
   7,   1, 197,  3.0000                                               
   7,   1, 198,  3.0000                                               
   7,   1, 199,  3.0000                                               
   7,   1, 200,  3.0000                                               
   7,   1, 201,  3.0000                                               
   7,   1, 202,  3.0000                                               
   7,   1, 203,  3.0000                                               
   7,   1, 204,  3.0000                                               
   7,   1, 205,  3.0000                                               
   7,   1, 206,  3.0000                                               
   7,   1, 207,  3.0000                                               
   7,   1, 208,  3.0000                                               
   7,   1, 209,  3.0000                                               
   7,   1, 210,  2.0000                                               
   7,   1, 211,  2.0000                                               
   7,   1, 212,  2.0000                                               
   7,   1, 213,  2.0000                                               
   7,   1, 214,  2.0000                                               
   7,   1, 215,  3.0000                                               
   7,   1, 216,  3.0000                                               
   7,   1, 217,  3.0000                                               
   7,   1, 218,  3.0000                                               
   7,   1, 219,  3.0000                                               
   7,   1, 220,  3.0000                                               
   7,   1, 221,  3.0000                                               
   7,   1, 222,  3.0000                                               
   7,   1, 223,  3.0000                                               
   7,   1, 224,  3.0000                                               
   7,   1, 225,  2.0000                                               
   7,   1, 226,  2.0000                                               
   7,   1, 227,  2.0000                                               
   7,   1, 228,  2.0000                                               
   7,   1, 229,  2.0000                                               
   7,   1, 230,  2.0000                                               
   7,   1, 231,  2.0000                                               
   7,   1, 232,  2.0000                                               
   7,   1, 233,  2.0000                                               
   7,   1, 234,  1.0000                                               
   7,   1, 235,  1.0000                                               
   7,   1, 236,  1.0000                                               
   7,   1, 237,  1.0000                                               
   7,   1, 238,  1.0000                                               
   7,   1, 239,  2.0000                                               
   7,   1, 240,  2.0000                                               
   7,   1, 241,  3.0000                                               
   7,   1, 242,  3.0000                                               
   7,   1, 243,  3.0000                                               
   7,   1, 244,  3.0000                                               
   7,   1, 245,  3.0000                                               
   7,   1, 246,  3.0000                                               
   7,   1, 247,  3.0000                                               
   7,   1, 248,  3.0000                                               
   7,   1, 249,  2.0000                                               
   7,   1, 250,  2.0000                                               
   7,   1, 251,  2.0000                                               
   7,   1, 252,  2.0000                                               
   7,   1, 253,  2.0000                                               
   7,   1, 254,  2.0000                                               
   7,   1, 255,  2.0000                                               
   7,   1, 256,  2.0000                                               
   7,   1, 257,  2.0000                                               
   7,   1, 258,  1.0000                                               
   7,   1, 259,  1.0000                                               
   7,   1, 260,  1.0000                                               
   7,   1, 261,  1.0000                                               
   7,   1, 262,  1.0000                                               
   7,   1, 263,  2.0000                                               
   7,   1, 264,  2.0000                                               
   7,   1, 265,  3.0000                                               
   7,   1, 266,  3.0000                                               
   7,   1, 267,  3.0000                                               
   7,   1, 268,  3.0000                                               
   7,   1, 269,  3.0000                                               
   7,   1, 270,  3.0000                                               
   7,   1, 271,  3.0000                                               
   7,   1, 272,  3.0000                                               
   7,   1, 273,  2.0000                                               
   7,   1, 274,  2.0000                                               
   7,   1, 275,  2.0000                                               
   7,   1, 276,  2.0000                                               
   7,   1, 277,  2.0000                                               
   7,   1, 278,  2.0000                                               
   7,   1, 279,  2.0000                                               
   7,   1, 280,  2.0000                                               
   7,   1, 281,  2.0000                                               
   7,   1, 282,  1.0000                                               
   7,   1, 283,  1.0000                                               
   7,   1, 284,  1.0000                                               
   7,   1, 285,  1.0000                                               
   7,   1, 286,  1.0000                                               
   7,   1, 287,  2.0000                                               
   7,   1, 288,  2.0000                                               
   7,   1, 289,  3.0000                                               
   7,   1, 290,  3.0000                                               
   7,   1, 291,  3.0000                                               
   7,   1, 292,  3.0000                                               
   7,   1, 293,  3.0000                                               
   7,   1, 294,  3.0000                                               
   7,   1, 295,  3.0000                                               
   7,   1, 296,  3.0000                                               
   7,   1, 297,  2.0000                                               
   7,   1, 298,  2.0000                                               
   7,   1, 299,  2.0000                                               
   7,   1, 300,  2.0000                                               
   7,   1, 301,  2.0000                                               
   7,   1, 302,  2.0000                                               
   7,   1, 303,  2.0000                                               
   7,   1, 304,  2.0000                                               
   7,   1, 305,  2.0000                                               
   7,   1, 306,  1.0000                                               
   7,   1, 307,  1.0000                                               
   7,   1, 308,  1.0000                                               
   7,   1, 309,  1.0000                                               
   7,   1, 310,  1.0000                                               
   7,   1, 311,  2.0000                                               
   7,   1, 312,  2.0000                                               
   7,   1, 313,  3.0000                                               
   7,   1, 314,  3.0000                                               
   7,   1, 315,  3.0000                                               
   7,   1, 316,  3.0000                                               
   7,   1, 317,  3.0000                                               
   7,   1, 318,  3.0000                                               
   7,   1, 319,  3.0000                                               
   7,   1, 320,  3.0000                                               
   7,   1, 321,  2.0000                                               
   7,   1, 322,  2.0000                                               
   7,   1, 323,  2.0000                                               
   7,   1, 324,  2.0000                                               
   7,   1, 325,  2.0000                                               
   7,   1, 326,  2.0000                                               
   7,   1, 327,  2.0000                                               
   7,   1, 328,  2.0000                                               
   7,   1, 329,  2.0000                                               
   7,   1, 330,  1.0000                                               
   7,   1, 331,  1.0000                                               
   7,   1, 332,  1.0000                                               
   7,   1, 333,  1.0000                                               
   7,   1, 334,  1.0000                                               
   7,   1, 335,  2.0000                                               
   7,   1, 336,  2.0000                                               
   7,   1, 337,  3.0000                                               
   7,   1, 338,  3.0000                                               
   7,   1, 339,  3.0000                                               
   7,   1, 340,  3.0000                                               
   7,   1, 341,  3.0000                                               
   7,   1, 342,  3.0000                                               
   7,   1, 343,  3.0000                                               
   7,   1, 344,  3.0000                                               
   7,   1, 345,  3.0000                                               
   7,   1, 346,  3.0000                                               
   7,   1, 347,  3.0000                                               
   7,   1, 348,  3.0000                                               
   7,   1, 349,  3.0000                                               
   7,   1, 350,  3.0000                                               
   7,   1, 351,  3.0000                                               
   7,   1, 352,  3.0000                                               
   7,   1, 353,  3.0000                                               
   7,   1, 354,  2.0000                                               
   7,   1, 355,  2.0000                                               
   7,   1, 356,  2.0000                                               
   7,   1, 357,  2.0000                                               
   7,   1, 358,  2.0000                                               
   7,   1, 359,  3.0000                                               
   7,   1, 360,  3.0000                                               
   7,   1, 361,  3.0000                                               
   7,   1, 362,  3.0000                                               
   7,   1, 363,  3.0000                                               
   7,   1, 364,  3.0000                                               
   7,   1, 365,  3.0000                                               
   7,   1, 366,  3.0000                                               
   7,   1, 367,  3.0000                                               
   7,   1, 368,  3.0000                                               
   7,   1, 369,  3.0000                                               
   7,   1, 370,  3.0000                                               
   7,   1, 371,  3.0000                                               
   7,   1, 372,  3.0000                                               
   7,   1, 373,  3.0000                                               
   7,   1, 374,  3.0000                                               
   7,   1, 375,  3.0000                                               
   7,   1, 376,  3.0000                                               
   7,   1, 377,  3.0000                                               
   7,   1, 378,  2.0000                                               
   7,   1, 379,  2.0000                                               
   7,   1, 380,  2.0000                                               
   7,   1, 381,  2.0000                                               
   7,   1, 382,  2.0000                                               
   7,   1, 383,  3.0000                                               
   7,   1, 384,  3.0000                                               
   7,   1, 385,  3.0000                                               
   7,   1, 386,  3.0000                                               
   7,   1, 387,  3.0000                                               
   7,   1, 388,  3.0000                                               
   7,   1, 389,  3.0000                                               
   7,   1, 390,  3.0000                                               
   7,   1, 391,  3.0000                                               
   7,   1, 392,  3.0000                                               
   7,   1, 393,  2.0000                                               
   7,   1, 394,  2.0000                                               
   7,   1, 395,  2.0000                                               
   7,   1, 396,  2.0000                                               
   7,   1, 397,  2.0000                                               
   7,   1, 398,  2.0000                                               
   7,   1, 399,  2.0000                                               
   7,   1, 400,  2.0000                                               
   7,   1, 401,  2.0000                                               
   7,   1, 402,  1.0000                                               
   7,   1, 403,  1.0000                                               
   7,   1, 404,  1.0000                                               
   7,   1, 405,  1.0000                                               
   7,   1, 406,  1.0000                                               
   7,   1, 407,  2.0000                                               
   7,   1, 408,  2.0000                                               
   7,   1, 409,  3.0000                                               
   7,   1, 410,  3.0000                                               
   7,   1, 411,  3.0000                                               
   7,   1, 412,  3.0000                                               
   7,   1, 413,  3.0000                                               
   7,   1, 414,  3.0000                                               
   7,   1, 415,  3.0000                                               
   7,   1, 416,  3.0000                                               
   7,   1, 417,  2.0000                                               
   7,   1, 418,  2.0000                                               
   7,   1, 419,  2.0000                                               
   7,   1, 420,  2.0000                                               
   7,   1, 421,  2.0000                                               
   7,   1, 422,  2.0000                                               
   7,   1, 423,  2.0000                                               
   7,   1, 424,  2.0000                                               
   7,   1, 425,  2.0000                                               
   7,   1, 426,  1.0000                                               
   7,   1, 427,  1.0000                                               
   7,   1, 428,  1.0000                                               
   7,   1, 429,  1.0000                                               
   7,   1, 430,  1.0000                                               
   7,   1, 431,  2.0000                                               
   7,   1, 432,  2.0000                                               
   7,   1, 433,  3.0000                                               
   7,   1, 434,  3.0000                                               
   7,   1, 435,  3.0000                                               
   7,   1, 436,  3.0000                                               
   7,   1, 437,  3.0000                                               
   7,   1, 438,  3.0000                                               
   7,   1, 439,  3.0000                                               
   7,   1, 440,  3.0000                                               
   7,   1, 441,  2.0000                                               
   7,   1, 442,  2.0000                                               
   7,   1, 443,  2.0000                                               
   7,   1, 444,  2.0000                                               
   7,   1, 445,  2.0000                                               
   7,   1, 446,  2.0000                                               
   7,   1, 447,  2.0000                                               
   7,   1, 448,  2.0000                                               
   7,   1, 449,  2.0000                                               
   7,   1, 450,  1.0000                                               
   7,   1, 451,  1.0000                                               
   7,   1, 452,  1.0000                                               
   7,   1, 453,  1.0000                                               
   7,   1, 454,  1.0000                                               
   7,   1, 455,  2.0000                                               
   7,   1, 456,  2.0000                                               
   7,   1, 457,  3.0000                                               
   7,   1, 458,  3.0000                                               
   7,   1, 459,  3.0000                                               
   7,   1, 460,  3.0000                                               
   7,   1, 461,  3.0000                                               
   7,   1, 462,  3.0000                                               
   7,   1, 463,  3.0000                                               
   7,   1, 464,  3.0000                                               
   7,   1, 465,  2.0000                                               
   7,   1, 466,  2.0000                                               
   7,   1, 467,  2.0000                                               
   7,   1, 468,  2.0000                                               
   7,   1, 469,  2.0000                                               
   7,   1, 470,  2.0000                                               
   7,   1, 471,  2.0000                                               
   7,   1, 472,  2.0000                                               
   7,   1, 473,  2.0000                                               
   7,   1, 474,  1.0000                                               
   7,   1, 475,  1.0000                                               
   7,   1, 476,  1.0000                                               
   7,   1, 477,  1.0000                                               
   7,   1, 478,  1.0000                                               
   7,   1, 479,  2.0000                                               
   7,   1, 480,  2.0000                                               
   7,   1, 481,  3.0000                                               
   7,   1, 482,  3.0000                                               
   7,   1, 483,  3.0000                                               
   7,   1, 484,  3.0000                                               
   7,   1, 485,  3.0000                                               
   7,   1, 486,  3.0000                                               
   7,   1, 487,  3.0000                                               
   7,   1, 488,  3.0000                                               
   7,   1, 489,  2.0000                                               
   7,   1, 490,  2.0000                                               
   7,   1, 491,  2.0000                                               
   7,   1, 492,  2.0000                                               
   7,   1, 493,  2.0000                                               
   7,   1, 494,  2.0000                                               
   7,   1, 495,  2.0000                                               
   7,   1, 496,  2.0000                                               
   7,   1, 497,  2.0000                                               
   7,   1, 498,  1.0000                                               
   7,   1, 499,  1.0000                                               
   7,   1, 500,  1.0000                                               
   7,   1, 501,  1.0000                                               
   7,   1, 502,  1.0000                                               
   7,   1, 503,  2.0000                                               
   7,   1, 504,  2.0000                                               
   7,   1, 505,  3.0000                                               
   7,   1, 506,  3.0000                                               
   7,   1, 507,  3.0000                                               
   7,   1, 508,  3.0000                                               
   7,   1, 509,  3.0000                                               
   7,   1, 510,  3.0000                                               
   7,   1, 511,  3.0000                                               
   7,   1, 512,  3.0000                                               
   7,   1, 513,  3.0000                                               
   7,   1, 514,  3.0000                                               
   7,   1, 515,  3.0000                                               
   7,   1, 516,  3.0000                                               
   7,   1, 517,  3.0000                                               
   7,   1, 518,  3.0000                                               
   7,   1, 519,  3.0000                                               
   7,   1, 520,  3.0000                                               
   7,   1, 521,  3.0000                                               
   7,   1, 522,  2.0000                                               
   7,   1, 523,  2.0000                                               
   7,   1, 524,  2.0000                                               
   7,   1, 525,  2.0000                                               
   7,   1, 526,  2.0000                                               
   7,   1, 527,  3.0000                                               
   7,   1, 528,  3.0000                                               
   7,   1, 529,  3.0000                                               
   7,   1, 530,  3.0000                                               
   7,   1, 531,  3.0000                                               
   7,   1, 532,  3.0000                                               
   7,   1, 533,  3.0000                                               
   7,   1, 534,  3.0000                                               
   7,   1, 535,  3.0000                                               
   7,   1, 536,  3.0000                                               
   7,   1, 537,  3.0000                                               
   7,   1, 538,  3.0000                                               
   7,   1, 539,  3.0000                                               
   7,   1, 540,  3.0000                                               
   7,   1, 541,  3.0000                                               
   7,   1, 542,  3.0000                                               
   7,   1, 543,  3.0000                                               
   7,   1, 544,  3.0000                                               
   7,   1, 545,  3.0000                                               
   7,   1, 546,  2.0000                                               
   7,   1, 547,  2.0000                                               
   7,   1, 548,  2.0000                                               
   7,   1, 549,  2.0000                                               
   7,   1, 550,  2.0000                                               
   7,   1, 551,  3.0000                                               
   7,   1, 552,  3.0000                                               
   7,   1, 553,  3.0000                                               
   7,   1, 554,  3.0000                                               
   7,   1, 555,  3.0000                                               
   7,   1, 556,  3.0000                                               
   7,   1, 557,  3.0000                                               
   7,   1, 558,  3.0000                                               
   7,   1, 559,  3.0000                                               
   7,   1, 560,  3.0000                                               
   7,   1, 561,  2.0000                                               
   7,   1, 562,  2.0000                                               
   7,   1, 563,  2.0000                                               
   7,   1, 564,  2.0000                                               
   7,   1, 565,  2.0000                                               
   7,   1, 566,  2.0000                                               
   7,   1, 567,  2.0000                                               
   7,   1, 568,  2.0000                                               
   7,   1, 569,  2.0000                                               
   7,   1, 570,  1.0000                                               
   7,   1, 571,  1.0000                                               
   7,   1, 572,  1.0000                                               
   7,   1, 573,  1.0000                                               
   7,   1, 574,  1.0000                                               
   7,   1, 575,  2.0000                                               
   7,   1, 576,  2.0000                                               
   7,   1, 577,  3.0000                                               
   7,   1, 578,  3.0000                                               
   7,   1, 579,  3.0000                                               
   7,   1, 580,  3.0000                                               
   7,   1, 581,  3.0000                                               
   7,   1, 582,  3.0000                                               
   7,   1, 583,  3.0000                                               
   7,   1, 584,  3.0000                                               
   7,   1, 585,  2.0000                                               
   7,   1, 586,  2.0000                                               
   7,   1, 587,  2.0000                                               
   7,   1, 588,  2.0000                                               
   7,   1, 589,  2.0000                                               
   7,   1, 590,  2.0000                                               
   7,   1, 591,  2.0000                                               
   7,   1, 592,  2.0000                                               
   7,   1, 593,  2.0000                                               
   7,   1, 594,  1.0000                                               
   7,   1, 595,  1.0000                                               
   7,   1, 596,  1.0000                                               
   7,   1, 597,  1.0000                                               
   7,   1, 598,  1.0000                                               
   7,   1, 599,  2.0000                                               
   7,   1, 600,  2.0000                                               
   7,   1, 601,  3.0000                                               
   7,   1, 602,  3.0000                                               
   7,   1, 603,  3.0000                                               
   7,   1, 604,  3.0000                                               
   7,   1, 605,  3.0000                                               
   7,   1, 606,  3.0000                                               
   7,   1, 607,  3.0000                                               
   7,   1, 608,  3.0000                                               
   7,   1, 609,  2.0000                                               
   7,   1, 610,  2.0000                                               
   7,   1, 611,  2.0000                                               
   7,   1, 612,  2.0000                                               
   7,   1, 613,  2.0000                                               
   7,   1, 614,  2.0000                                               
   7,   1, 615,  2.0000                                               
   7,   1, 616,  2.0000                                               
   7,   1, 617,  2.0000                                               
   7,   1, 618,  1.0000                                               
   7,   1, 619,  1.0000                                               
   7,   1, 620,  1.0000                                               
   7,   1, 621,  1.0000                                               
   7,   1, 622,  1.0000                                               
   7,   1, 623,  2.0000                                               
   7,   1, 624,  2.0000                                               
   7,   1, 625,  3.0000                                               
   7,   1, 626,  3.0000                                               
   7,   1, 627,  3.0000                                               
   7,   1, 628,  3.0000                                               
   7,   1, 629,  3.0000                                               
   7,   1, 630,  3.0000                                               
   7,   1, 631,  3.0000                                               
   7,   1, 632,  3.0000                                               
   7,   1, 633,  2.0000                                               
   7,   1, 634,  2.0000                                               
   7,   1, 635,  2.0000                                               
   7,   1, 636,  2.0000                                               
   7,   1, 637,  2.0000                                               
   7,   1, 638,  2.0000                                               
   7,   1, 639,  2.0000                                               
   7,   1, 640,  2.0000                                               
   7,   1, 641,  2.0000                                               
   7,   1, 642,  1.0000                                               
   7,   1, 643,  1.0000                                               
   7,   1, 644,  1.0000                                               
   7,   1, 645,  1.0000                                               
   7,   1, 646,  1.0000                                               
   7,   1, 647,  2.0000                                               
   7,   1, 648,  2.0000                                               
   7,   1, 649,  3.0000                                               
   7,   1, 650,  3.0000                                               
   7,   1, 651,  3.0000                                               
   7,   1, 652,  3.0000                                               
   7,   1, 653,  3.0000                                               
   7,   1, 654,  3.0000                                               
   7,   1, 655,  3.0000                                               
   7,   1, 656,  3.0000                                               
   7,   1, 657,  2.0000                                               
   7,   1, 658,  2.0000                                               
   7,   1, 659,  2.0000                                               
   7,   1, 660,  2.0000                                               
   7,   1, 661,  2.0000                                               
   7,   1, 662,  2.0000                                               
   7,   1, 663,  2.0000                                               
   7,   1, 664,  2.0000                                               
   7,   1, 665,  2.0000                                               
   7,   1, 666,  1.0000                                               
   7,   1, 667,  1.0000                                               
   7,   1, 668,  1.0000                                               
   7,   1, 669,  1.0000                                               
   7,   1, 670,  1.0000                                               
   7,   1, 671,  2.0000                                               
   7,   1, 672,  2.0000                                               
   7,   1, 673,  3.0000                                               
   7,   1, 674,  3.0000                                               
   7,   1, 675,  3.0000                                               
   7,   1, 676,  3.0000                                               
   7,   1, 677,  3.0000                                               
   7,   1, 678,  3.0000                                               
   7,   1, 679,  3.0000                                               
   7,   1, 680,  3.0000                                               
   7,   1, 681,  3.0000                                               
   7,   1, 682,  3.0000                                               
   7,   1, 683,  3.0000                                               
   7,   1, 684,  3.0000                                               
   7,   1, 685,  3.0000                                               
   7,   1, 686,  3.0000                                               
   7,   1, 687,  3.0000                                               
   7,   1, 688,  3.0000                                               
   7,   1, 689,  3.0000                                               
   7,   1, 690,  2.0000                                               
   7,   1, 691,  2.0000                                               
   7,   1, 692,  2.0000                                               
   7,   1, 693,  2.0000                                               
   7,   1, 694,  2.0000                                               
   7,   1, 695,  3.0000                                               
   7,   1, 696,  3.0000                                               
   7,   1, 697,  3.0000                                               
   7,   1, 698,  3.0000                                               
   7,   1, 699,  3.0000                                               
   7,   1, 700,  3.0000                                               
   7,   1, 701,  3.0000                                               
   7,   1, 702,  3.0000                                               
   7,   1, 703,  3.0000                                               
   7,   1, 704,  3.0000                                               
   7,   1, 705,  3.0000                                               
   7,   1, 706,  3.0000                                               
   7,   1, 707,  3.0000                                               
   7,   1, 708,  3.0000                                               
   7,   1, 709,  3.0000                                               
   7,   1, 710,  3.0000                                               
   7,   1, 711,  3.0000                                               
   7,   1, 712,  3.0000                                               
   7,   1, 713,  3.0000                                               
   7,   1, 714,  2.0000                                               
   7,   1, 715,  2.0000                                               
   7,   1, 716,  2.0000                                               
   7,   1, 717,  2.0000                                               
   7,   1, 718,  2.0000                                               
   7,   1, 719,  3.0000                                               
   7,   1, 720,  3.0000                                               
   7,   1, 721,  3.0000                                               
   7,   1, 722,  3.0000                                               
   7,   1, 723,  3.0000                                               
   7,   1, 724,  3.0000                                               
   7,   1, 725,  3.0000                                               
   7,   1, 726,  3.0000                                               
   7,   1, 727,  3.0000                                               
   7,   1, 728,  3.0000                                               
   7,   1, 729,  2.0000                                               
   7,   1, 730,  2.0000                                               
   7,   1, 731,  2.0000                                               
   7,   1, 732,  2.0000                                               
   7,   1, 733,  2.0000                                               
   7,   1, 734,  2.0000                                               
   7,   1, 735,  2.0000                                               
   7,   1, 736,  2.0000                                               
   7,   1, 737,  2.0000                                               
   7,   1, 738,  1.0000                                               
   7,   1, 739,  1.0000                                               
   7,   1, 740,  1.0000                                               
   7,   1, 741,  1.0000                                               
   7,   1, 742,  1.0000                                               
   7,   1, 743,  2.0000                                               
   7,   1, 744,  2.0000                                               
   8,   1,   1,  3.0000                                               
   8,   1,   2,  3.0000                                               
   8,   1,   3,  3.0000                                               
   8,   1,   4,  3.0000                                               
   8,   1,   5,  3.0000                                               
   8,   1,   6,  3.0000                                               
   8,   1,   7,  3.0000                                               
   8,   1,   8,  3.0000                                               
   8,   1,   9,  2.0000                                               
   8,   1,  10,  2.0000                                               
   8,   1,  11,  2.0000                                               
   8,   1,  12,  2.0000                                               
   8,   1,  13,  2.0000                                               
   8,   1,  14,  2.0000                                               
   8,   1,  15,  2.0000                                               
   8,   1,  16,  2.0000                                               
   8,   1,  17,  2.0000                                               
   8,   1,  18,  1.0000                                               
   8,   1,  19,  1.0000                                               
   8,   1,  20,  1.0000                                               
   8,   1,  21,  1.0000                                               
   8,   1,  22,  1.0000                                               
   8,   1,  23,  2.0000                                               
   8,   1,  24,  2.0000                                               
   8,   1,  25,  3.0000                                               
   8,   1,  26,  3.0000                                               
   8,   1,  27,  3.0000                                               
   8,   1,  28,  3.0000                                               
   8,   1,  29,  3.0000                                               
   8,   1,  30,  3.0000                                               
   8,   1,  31,  3.0000                                               
   8,   1,  32,  3.0000                                               
   8,   1,  33,  2.0000                                               
   8,   1,  34,  2.0000                                               
   8,   1,  35,  2.0000                                               
   8,   1,  36,  2.0000                                               
   8,   1,  37,  2.0000                                               
   8,   1,  38,  2.0000                                               
   8,   1,  39,  2.0000                                               
   8,   1,  40,  2.0000                                               
   8,   1,  41,  2.0000                                               
   8,   1,  42,  1.0000                                               
   8,   1,  43,  1.0000                                               
   8,   1,  44,  1.0000                                               
   8,   1,  45,  1.0000                                               
   8,   1,  46,  1.0000                                               
   8,   1,  47,  2.0000                                               
   8,   1,  48,  2.0000                                               
   8,   1,  49,  3.0000                                               
   8,   1,  50,  3.0000                                               
   8,   1,  51,  3.0000                                               
   8,   1,  52,  3.0000                                               
   8,   1,  53,  3.0000                                               
   8,   1,  54,  3.0000                                               
   8,   1,  55,  3.0000                                               
   8,   1,  56,  3.0000                                               
   8,   1,  57,  2.0000                                               
   8,   1,  58,  2.0000                                               
   8,   1,  59,  2.0000                                               
   8,   1,  60,  2.0000                                               
   8,   1,  61,  2.0000                                               
   8,   1,  62,  2.0000                                               
   8,   1,  63,  2.0000                                               
   8,   1,  64,  2.0000                                               
   8,   1,  65,  2.0000                                               
   8,   1,  66,  1.0000                                               
   8,   1,  67,  1.0000                                               
   8,   1,  68,  1.0000                                               
   8,   1,  69,  1.0000                                               
   8,   1,  70,  1.0000                                               
   8,   1,  71,  2.0000                                               
   8,   1,  72,  2.0000                                               
   8,   1,  73,  3.0000                                               
   8,   1,  74,  3.0000                                               
   8,   1,  75,  3.0000                                               
   8,   1,  76,  3.0000                                               
   8,   1,  77,  3.0000                                               
   8,   1,  78,  3.0000                                               
   8,   1,  79,  3.0000                                               
   8,   1,  80,  3.0000                                               
   8,   1,  81,  2.0000                                               
   8,   1,  82,  2.0000                                               
   8,   1,  83,  2.0000                                               
   8,   1,  84,  2.0000                                               
   8,   1,  85,  2.0000                                               
   8,   1,  86,  2.0000                                               
   8,   1,  87,  2.0000                                               
   8,   1,  88,  2.0000                                               
   8,   1,  89,  2.0000                                               
   8,   1,  90,  1.0000                                               
   8,   1,  91,  1.0000                                               
   8,   1,  92,  1.0000                                               
   8,   1,  93,  1.0000                                               
   8,   1,  94,  1.0000                                               
   8,   1,  95,  2.0000                                               
   8,   1,  96,  2.0000                                               
   8,   1,  97,  3.0000                                               
   8,   1,  98,  3.0000                                               
   8,   1,  99,  3.0000                                               
   8,   1, 100,  3.0000                                               
   8,   1, 101,  3.0000                                               
   8,   1, 102,  3.0000                                               
   8,   1, 103,  3.0000                                               
   8,   1, 104,  3.0000                                               
   8,   1, 105,  3.0000                                               
   8,   1, 106,  3.0000                                               
   8,   1, 107,  3.0000                                               
   8,   1, 108,  3.0000                                               
   8,   1, 109,  3.0000                                               
   8,   1, 110,  3.0000                                               
   8,   1, 111,  3.0000                                               
   8,   1, 112,  3.0000                                               
   8,   1, 113,  3.0000                                               
   8,   1, 114,  2.0000                                               
   8,   1, 115,  2.0000                                               
   8,   1, 116,  2.0000                                               
   8,   1, 117,  2.0000                                               
   8,   1, 118,  2.0000                                               
   8,   1, 119,  3.0000                                               
   8,   1, 120,  3.0000                                               
   8,   1, 121,  3.0000                                               
   8,   1, 122,  3.0000                                               
   8,   1, 123,  3.0000                                               
   8,   1, 124,  3.0000                                               
   8,   1, 125,  3.0000                                               
   8,   1, 126,  3.0000                                               
   8,   1, 127,  3.0000                                               
   8,   1, 128,  3.0000                                               
   8,   1, 129,  3.0000                                               
   8,   1, 130,  3.0000                                               
   8,   1, 131,  3.0000                                               
   8,   1, 132,  3.0000                                               
   8,   1, 133,  3.0000                                               
   8,   1, 134,  3.0000                                               
   8,   1, 135,  3.0000                                               
   8,   1, 136,  3.0000                                               
   8,   1, 137,  3.0000                                               
   8,   1, 138,  2.0000                                               
   8,   1, 139,  2.0000                                               
   8,   1, 140,  2.0000                                               
   8,   1, 141,  2.0000                                               
   8,   1, 142,  2.0000                                               
   8,   1, 143,  3.0000                                               
   8,   1, 144,  3.0000                                               
   8,   1, 145,  3.0000                                               
   8,   1, 146,  3.0000                                               
   8,   1, 147,  3.0000                                               
   8,   1, 148,  3.0000                                               
   8,   1, 149,  3.0000                                               
   8,   1, 150,  3.0000                                               
   8,   1, 151,  3.0000                                               
   8,   1, 152,  3.0000                                               
   8,   1, 153,  2.0000                                               
   8,   1, 154,  2.0000                                               
   8,   1, 155,  2.0000                                               
   8,   1, 156,  2.0000                                               
   8,   1, 157,  2.0000                                               
   8,   1, 158,  2.0000                                               
   8,   1, 159,  2.0000                                               
   8,   1, 160,  2.0000                                               
   8,   1, 161,  2.0000                                               
   8,   1, 162,  1.0000                                               
   8,   1, 163,  1.0000                                               
   8,   1, 164,  1.0000                                               
   8,   1, 165,  1.0000                                               
   8,   1, 166,  1.0000                                               
   8,   1, 167,  2.0000                                               
   8,   1, 168,  2.0000                                               
   8,   1, 169,  3.0000                                               
   8,   1, 170,  3.0000                                               
   8,   1, 171,  3.0000                                               
   8,   1, 172,  3.0000                                               
   8,   1, 173,  3.0000                                               
   8,   1, 174,  3.0000                                               
   8,   1, 175,  3.0000                                               
   8,   1, 176,  3.0000                                               
   8,   1, 177,  2.0000                                               
   8,   1, 178,  2.0000                                               
   8,   1, 179,  2.0000                                               
   8,   1, 180,  2.0000                                               
   8,   1, 181,  2.0000                                               
   8,   1, 182,  2.0000                                               
   8,   1, 183,  2.0000                                               
   8,   1, 184,  2.0000                                               
   8,   1, 185,  2.0000                                               
   8,   1, 186,  1.0000                                               
   8,   1, 187,  1.0000                                               
   8,   1, 188,  1.0000                                               
   8,   1, 189,  1.0000                                               
   8,   1, 190,  1.0000                                               
   8,   1, 191,  2.0000                                               
   8,   1, 192,  2.0000                                               
   8,   1, 193,  3.0000                                               
   8,   1, 194,  3.0000                                               
   8,   1, 195,  3.0000                                               
   8,   1, 196,  3.0000                                               
   8,   1, 197,  3.0000                                               
   8,   1, 198,  3.0000                                               
   8,   1, 199,  3.0000                                               
   8,   1, 200,  3.0000                                               
   8,   1, 201,  2.0000                                               
   8,   1, 202,  2.0000                                               
   8,   1, 203,  2.0000                                               
   8,   1, 204,  2.0000                                               
   8,   1, 205,  2.0000                                               
   8,   1, 206,  2.0000                                               
   8,   1, 207,  2.0000                                               
   8,   1, 208,  2.0000                                               
   8,   1, 209,  2.0000                                               
   8,   1, 210,  1.0000                                               
   8,   1, 211,  1.0000                                               
   8,   1, 212,  1.0000                                               
   8,   1, 213,  1.0000                                               
   8,   1, 214,  1.0000                                               
   8,   1, 215,  2.0000                                               
   8,   1, 216,  2.0000                                               
   8,   1, 217,  3.0000                                               
   8,   1, 218,  3.0000                                               
   8,   1, 219,  3.0000                                               
   8,   1, 220,  3.0000                                               
   8,   1, 221,  3.0000                                               
   8,   1, 222,  3.0000                                               
   8,   1, 223,  3.0000                                               
   8,   1, 224,  3.0000                                               
   8,   1, 225,  2.0000                                               
   8,   1, 226,  2.0000                                               
   8,   1, 227,  2.0000                                               
   8,   1, 228,  2.0000                                               
   8,   1, 229,  2.0000                                               
   8,   1, 230,  2.0000                                               
   8,   1, 231,  2.0000                                               
   8,   1, 232,  2.0000                                               
   8,   1, 233,  2.0000                                               
   8,   1, 234,  1.0000                                               
   8,   1, 235,  1.0000                                               
   8,   1, 236,  1.0000                                               
   8,   1, 237,  1.0000                                               
   8,   1, 238,  1.0000                                               
   8,   1, 239,  2.0000                                               
   8,   1, 240,  2.0000                                               
   8,   1, 241,  3.0000                                               
   8,   1, 242,  3.0000                                               
   8,   1, 243,  3.0000                                               
   8,   1, 244,  3.0000                                               
   8,   1, 245,  3.0000                                               
   8,   1, 246,  3.0000                                               
   8,   1, 247,  3.0000                                               
   8,   1, 248,  3.0000                                               
   8,   1, 249,  2.0000                                               
   8,   1, 250,  2.0000                                               
   8,   1, 251,  2.0000                                               
   8,   1, 252,  2.0000                                               
   8,   1, 253,  2.0000                                               
   8,   1, 254,  2.0000                                               
   8,   1, 255,  2.0000                                               
   8,   1, 256,  2.0000                                               
   8,   1, 257,  2.0000                                               
   8,   1, 258,  1.0000                                               
   8,   1, 259,  1.0000                                               
   8,   1, 260,  1.0000                                               
   8,   1, 261,  1.0000                                               
   8,   1, 262,  1.0000                                               
   8,   1, 263,  2.0000                                               
   8,   1, 264,  2.0000                                               
   8,   1, 265,  3.0000                                               
   8,   1, 266,  3.0000                                               
   8,   1, 267,  3.0000                                               
   8,   1, 268,  3.0000                                               
   8,   1, 269,  3.0000                                               
   8,   1, 270,  3.0000                                               
   8,   1, 271,  3.0000                                               
   8,   1, 272,  3.0000                                               
   8,   1, 273,  3.0000                                               
   8,   1, 274,  3.0000                                               
   8,   1, 275,  3.0000                                               
   8,   1, 276,  3.0000                                               
   8,   1, 277,  3.0000                                               
   8,   1, 278,  3.0000                                               
   8,   1, 279,  3.0000                                               
   8,   1, 280,  3.0000                                               
   8,   1, 281,  3.0000                                               
   8,   1, 282,  2.0000                                               
   8,   1, 283,  2.0000                                               
   8,   1, 284,  2.0000                                               
   8,   1, 285,  2.0000                                               
   8,   1, 286,  2.0000                                               
   8,   1, 287,  3.0000                                               
   8,   1, 288,  3.0000                                               
   8,   1, 289,  3.0000                                               
   8,   1, 290,  3.0000                                               
   8,   1, 291,  3.0000                                               
   8,   1, 292,  3.0000                                               
   8,   1, 293,  3.0000                                               
   8,   1, 294,  3.0000                                               
   8,   1, 295,  3.0000                                               
   8,   1, 296,  3.0000                                               
   8,   1, 297,  3.0000                                               
   8,   1, 298,  3.0000                                               
   8,   1, 299,  3.0000                                               
   8,   1, 300,  3.0000                                               
   8,   1, 301,  3.0000                                               
   8,   1, 302,  3.0000                                               
   8,   1, 303,  3.0000                                               
   8,   1, 304,  3.0000                                               
   8,   1, 305,  3.0000                                               
   8,   1, 306,  2.0000                                               
   8,   1, 307,  2.0000                                               
   8,   1, 308,  2.0000                                               
   8,   1, 309,  2.0000                                               
   8,   1, 310,  2.0000                                               
   8,   1, 311,  3.0000                                               
   8,   1, 312,  3.0000                                               
   8,   1, 313,  3.0000                                               
   8,   1, 314,  3.0000                                               
   8,   1, 315,  3.0000                                               
   8,   1, 316,  3.0000                                               
   8,   1, 317,  3.0000                                               
   8,   1, 318,  3.0000                                               
   8,   1, 319,  3.0000                                               
   8,   1, 320,  3.0000                                               
   8,   1, 321,  2.0000                                               
   8,   1, 322,  2.0000                                               
   8,   1, 323,  2.0000                                               
   8,   1, 324,  2.0000                                               
   8,   1, 325,  2.0000                                               
   8,   1, 326,  2.0000                                               
   8,   1, 327,  2.0000                                               
   8,   1, 328,  2.0000                                               
   8,   1, 329,  2.0000                                               
   8,   1, 330,  1.0000                                               
   8,   1, 331,  1.0000                                               
   8,   1, 332,  1.0000                                               
   8,   1, 333,  1.0000                                               
   8,   1, 334,  1.0000                                               
   8,   1, 335,  2.0000                                               
   8,   1, 336,  2.0000                                               
   8,   1, 337,  3.0000                                               
   8,   1, 338,  3.0000                                               
   8,   1, 339,  3.0000                                               
   8,   1, 340,  3.0000                                               
   8,   1, 341,  3.0000                                               
   8,   1, 342,  3.0000                                               
   8,   1, 343,  3.0000                                               
   8,   1, 344,  3.0000                                               
   8,   1, 345,  2.0000                                               
   8,   1, 346,  2.0000                                               
   8,   1, 347,  2.0000                                               
   8,   1, 348,  2.0000                                               
   8,   1, 349,  2.0000                                               
   8,   1, 350,  2.0000                                               
   8,   1, 351,  2.0000                                               
   8,   1, 352,  2.0000                                               
   8,   1, 353,  2.0000                                               
   8,   1, 354,  1.0000                                               
   8,   1, 355,  1.0000                                               
   8,   1, 356,  1.0000                                               
   8,   1, 357,  1.0000                                               
   8,   1, 358,  1.0000                                               
   8,   1, 359,  2.0000                                               
   8,   1, 360,  2.0000                                               
   8,   1, 361,  3.0000                                               
   8,   1, 362,  3.0000                                               
   8,   1, 363,  3.0000                                               
   8,   1, 364,  3.0000                                               
   8,   1, 365,  3.0000                                               
   8,   1, 366,  3.0000                                               
   8,   1, 367,  3.0000                                               
   8,   1, 368,  3.0000                                               
   8,   1, 369,  2.0000                                               
   8,   1, 370,  2.0000                                               
   8,   1, 371,  2.0000                                               
   8,   1, 372,  2.0000                                               
   8,   1, 373,  2.0000                                               
   8,   1, 374,  2.0000                                               
   8,   1, 375,  2.0000                                               
   8,   1, 376,  2.0000                                               
   8,   1, 377,  2.0000                                               
   8,   1, 378,  1.0000                                               
   8,   1, 379,  1.0000                                               
   8,   1, 380,  1.0000                                               
   8,   1, 381,  1.0000                                               
   8,   1, 382,  1.0000                                               
   8,   1, 383,  2.0000                                               
   8,   1, 384,  2.0000                                               
   8,   1, 385,  3.0000                                               
   8,   1, 386,  3.0000                                               
   8,   1, 387,  3.0000                                               
   8,   1, 388,  3.0000                                               
   8,   1, 389,  3.0000                                               
   8,   1, 390,  3.0000                                               
   8,   1, 391,  3.0000                                               
   8,   1, 392,  3.0000                                               
   8,   1, 393,  2.0000                                               
   8,   1, 394,  2.0000                                               
   8,   1, 395,  2.0000                                               
   8,   1, 396,  2.0000                                               
   8,   1, 397,  2.0000                                               
   8,   1, 398,  2.0000                                               
   8,   1, 399,  2.0000                                               
   8,   1, 400,  2.0000                                               
   8,   1, 401,  2.0000                                               
   8,   1, 402,  1.0000                                               
   8,   1, 403,  1.0000                                               
   8,   1, 404,  1.0000                                               
   8,   1, 405,  1.0000                                               
   8,   1, 406,  1.0000                                               
   8,   1, 407,  2.0000                                               
   8,   1, 408,  2.0000                                               
   8,   1, 409,  3.0000                                               
   8,   1, 410,  3.0000                                               
   8,   1, 411,  3.0000                                               
   8,   1, 412,  3.0000                                               
   8,   1, 413,  3.0000                                               
   8,   1, 414,  3.0000                                               
   8,   1, 415,  3.0000                                               
   8,   1, 416,  3.0000                                               
   8,   1, 417,  2.0000                                               
   8,   1, 418,  2.0000                                               
   8,   1, 419,  2.0000                                               
   8,   1, 420,  2.0000                                               
   8,   1, 421,  2.0000                                               
   8,   1, 422,  2.0000                                               
   8,   1, 423,  2.0000                                               
   8,   1, 424,  2.0000                                               
   8,   1, 425,  2.0000                                               
   8,   1, 426,  1.0000                                               
   8,   1, 427,  1.0000                                               
   8,   1, 428,  1.0000                                               
   8,   1, 429,  1.0000                                               
   8,   1, 430,  1.0000                                               
   8,   1, 431,  2.0000                                               
   8,   1, 432,  2.0000                                               
   8,   1, 433,  3.0000                                               
   8,   1, 434,  3.0000                                               
   8,   1, 435,  3.0000                                               
   8,   1, 436,  3.0000                                               
   8,   1, 437,  3.0000                                               
   8,   1, 438,  3.0000                                               
   8,   1, 439,  3.0000                                               
   8,   1, 440,  3.0000                                               
   8,   1, 441,  3.0000                                               
   8,   1, 442,  3.0000                                               
   8,   1, 443,  3.0000                                               
   8,   1, 444,  3.0000                                               
   8,   1, 445,  3.0000                                               
   8,   1, 446,  3.0000                                               
   8,   1, 447,  3.0000                                               
   8,   1, 448,  3.0000                                               
   8,   1, 449,  3.0000                                               
   8,   1, 450,  2.0000                                               
   8,   1, 451,  2.0000                                               
   8,   1, 452,  2.0000                                               
   8,   1, 453,  2.0000                                               
   8,   1, 454,  2.0000                                               
   8,   1, 455,  3.0000                                               
   8,   1, 456,  3.0000                                               
   8,   1, 457,  3.0000                                               
   8,   1, 458,  3.0000                                               
   8,   1, 459,  3.0000                                               
   8,   1, 460,  3.0000                                               
   8,   1, 461,  3.0000                                               
   8,   1, 462,  3.0000                                               
   8,   1, 463,  3.0000                                               
   8,   1, 464,  3.0000                                               
   8,   1, 465,  3.0000                                               
   8,   1, 466,  3.0000                                               
   8,   1, 467,  3.0000                                               
   8,   1, 468,  3.0000                                               
   8,   1, 469,  3.0000                                               
   8,   1, 470,  3.0000                                               
   8,   1, 471,  3.0000                                               
   8,   1, 472,  3.0000                                               
   8,   1, 473,  3.0000                                               
   8,   1, 474,  2.0000                                               
   8,   1, 475,  2.0000                                               
   8,   1, 476,  2.0000                                               
   8,   1, 477,  2.0000                                               
   8,   1, 478,  2.0000                                               
   8,   1, 479,  3.0000                                               
   8,   1, 480,  3.0000                                               
   8,   1, 481,  3.0000                                               
   8,   1, 482,  3.0000                                               
   8,   1, 483,  3.0000                                               
   8,   1, 484,  3.0000                                               
   8,   1, 485,  3.0000                                               
   8,   1, 486,  3.0000                                               
   8,   1, 487,  3.0000                                               
   8,   1, 488,  3.0000                                               
   8,   1, 489,  2.0000                                               
   8,   1, 490,  2.0000                                               
   8,   1, 491,  2.0000                                               
   8,   1, 492,  2.0000                                               
   8,   1, 493,  2.0000                                               
   8,   1, 494,  2.0000                                               
   8,   1, 495,  2.0000                                               
   8,   1, 496,  2.0000                                               
   8,   1, 497,  2.0000                                               
   8,   1, 498,  1.0000                                               
   8,   1, 499,  1.0000                                               
   8,   1, 500,  1.0000                                               
   8,   1, 501,  1.0000                                               
   8,   1, 502,  1.0000                                               
   8,   1, 503,  2.0000                                               
   8,   1, 504,  2.0000                                               
   8,   1, 505,  3.0000                                               
   8,   1, 506,  3.0000                                               
   8,   1, 507,  3.0000                                               
   8,   1, 508,  3.0000                                               
   8,   1, 509,  3.0000                                               
   8,   1, 510,  3.0000                                               
   8,   1, 511,  3.0000                                               
   8,   1, 512,  3.0000                                               
   8,   1, 513,  2.0000                                               
   8,   1, 514,  2.0000                                               
   8,   1, 515,  2.0000                                               
   8,   1, 516,  2.0000                                               
   8,   1, 517,  2.0000                                               
   8,   1, 518,  2.0000                                               
   8,   1, 519,  2.0000                                               
   8,   1, 520,  2.0000                                               
   8,   1, 521,  2.0000                                               
   8,   1, 522,  1.0000                                               
   8,   1, 523,  1.0000                                               
   8,   1, 524,  1.0000                                               
   8,   1, 525,  1.0000                                               
   8,   1, 526,  1.0000                                               
   8,   1, 527,  2.0000                                               
   8,   1, 528,  2.0000                                               
   8,   1, 529,  3.0000                                               
   8,   1, 530,  3.0000                                               
   8,   1, 531,  3.0000                                               
   8,   1, 532,  3.0000                                               
   8,   1, 533,  3.0000                                               
   8,   1, 534,  3.0000                                               
   8,   1, 535,  3.0000                                               
   8,   1, 536,  3.0000                                               
   8,   1, 537,  2.0000                                               
   8,   1, 538,  2.0000                                               
   8,   1, 539,  2.0000                                               
   8,   1, 540,  2.0000                                               
   8,   1, 541,  2.0000                                               
   8,   1, 542,  2.0000                                               
   8,   1, 543,  2.0000                                               
   8,   1, 544,  2.0000                                               
   8,   1, 545,  2.0000                                               
   8,   1, 546,  1.0000                                               
   8,   1, 547,  1.0000                                               
   8,   1, 548,  1.0000                                               
   8,   1, 549,  1.0000                                               
   8,   1, 550,  1.0000                                               
   8,   1, 551,  2.0000                                               
   8,   1, 552,  2.0000                                               
   8,   1, 553,  3.0000                                               
   8,   1, 554,  3.0000                                               
   8,   1, 555,  3.0000                                               
   8,   1, 556,  3.0000                                               
   8,   1, 557,  3.0000                                               
   8,   1, 558,  3.0000                                               
   8,   1, 559,  3.0000                                               
   8,   1, 560,  3.0000                                               
   8,   1, 561,  2.0000                                               
   8,   1, 562,  2.0000                                               
   8,   1, 563,  2.0000                                               
   8,   1, 564,  2.0000                                               
   8,   1, 565,  2.0000                                               
   8,   1, 566,  2.0000                                               
   8,   1, 567,  2.0000                                               
   8,   1, 568,  2.0000                                               
   8,   1, 569,  2.0000                                               
   8,   1, 570,  1.0000                                               
   8,   1, 571,  1.0000                                               
   8,   1, 572,  1.0000                                               
   8,   1, 573,  1.0000                                               
   8,   1, 574,  1.0000                                               
   8,   1, 575,  2.0000                                               
   8,   1, 576,  2.0000                                               
   8,   1, 577,  3.0000                                               
   8,   1, 578,  3.0000                                               
   8,   1, 579,  3.0000                                               
   8,   1, 580,  3.0000                                               
   8,   1, 581,  3.0000                                               
   8,   1, 582,  3.0000                                               
   8,   1, 583,  3.0000                                               
   8,   1, 584,  3.0000                                               
   8,   1, 585,  2.0000                                               
   8,   1, 586,  2.0000                                               
   8,   1, 587,  2.0000                                               
   8,   1, 588,  2.0000                                               
   8,   1, 589,  2.0000                                               
   8,   1, 590,  2.0000                                               
   8,   1, 591,  2.0000                                               
   8,   1, 592,  2.0000                                               
   8,   1, 593,  2.0000                                               
   8,   1, 594,  1.0000                                               
   8,   1, 595,  1.0000                                               
   8,   1, 596,  1.0000                                               
   8,   1, 597,  1.0000                                               
   8,   1, 598,  1.0000                                               
   8,   1, 599,  2.0000                                               
   8,   1, 600,  2.0000                                               
   8,   1, 601,  3.0000                                               
   8,   1, 602,  3.0000                                               
   8,   1, 603,  3.0000                                               
   8,   1, 604,  3.0000                                               
   8,   1, 605,  3.0000                                               
   8,   1, 606,  3.0000                                               
   8,   1, 607,  3.0000                                               
   8,   1, 608,  3.0000                                               
   8,   1, 609,  3.0000                                               
   8,   1, 610,  3.0000                                               
   8,   1, 611,  3.0000                                               
   8,   1, 612,  3.0000                                               
   8,   1, 613,  3.0000                                               
   8,   1, 614,  3.0000                                               
   8,   1, 615,  3.0000                                               
   8,   1, 616,  3.0000                                               
   8,   1, 617,  3.0000                                               
   8,   1, 618,  2.0000                                               
   8,   1, 619,  2.0000                                               
   8,   1, 620,  2.0000                                               
   8,   1, 621,  2.0000                                               
   8,   1, 622,  2.0000                                               
   8,   1, 623,  3.0000                                               
   8,   1, 624,  3.0000                                               
   8,   1, 625,  3.0000                                               
   8,   1, 626,  3.0000                                               
   8,   1, 627,  3.0000                                               
   8,   1, 628,  3.0000                                               
   8,   1, 629,  3.0000                                               
   8,   1, 630,  3.0000                                               
   8,   1, 631,  3.0000                                               
   8,   1, 632,  3.0000                                               
   8,   1, 633,  3.0000                                               
   8,   1, 634,  3.0000                                               
   8,   1, 635,  3.0000                                               
   8,   1, 636,  3.0000                                               
   8,   1, 637,  3.0000                                               
   8,   1, 638,  3.0000                                               
   8,   1, 639,  3.0000                                               
   8,   1, 640,  3.0000                                               
   8,   1, 641,  3.0000                                               
   8,   1, 642,  2.0000                                               
   8,   1, 643,  2.0000                                               
   8,   1, 644,  2.0000                                               
   8,   1, 645,  2.0000                                               
   8,   1, 646,  2.0000                                               
   8,   1, 647,  3.0000                                               
   8,   1, 648,  3.0000                                               
   8,   1, 649,  3.0000                                               
   8,   1, 650,  3.0000                                               
   8,   1, 651,  3.0000                                               
   8,   1, 652,  3.0000                                               
   8,   1, 653,  3.0000                                               
   8,   1, 654,  3.0000                                               
   8,   1, 655,  3.0000                                               
   8,   1, 656,  3.0000                                               
   8,   1, 657,  2.0000                                               
   8,   1, 658,  2.0000                                               
   8,   1, 659,  2.0000                                               
   8,   1, 660,  2.0000                                               
   8,   1, 661,  2.0000                                               
   8,   1, 662,  2.0000                                               
   8,   1, 663,  2.0000                                               
   8,   1, 664,  2.0000                                               
   8,   1, 665,  2.0000                                               
   8,   1, 666,  1.0000                                               
   8,   1, 667,  1.0000                                               
   8,   1, 668,  1.0000                                               
   8,   1, 669,  1.0000                                               
   8,   1, 670,  1.0000                                               
   8,   1, 671,  2.0000                                               
   8,   1, 672,  2.0000                                               
   8,   1, 673,  3.0000                                               
   8,   1, 674,  3.0000                                               
   8,   1, 675,  3.0000                                               
   8,   1, 676,  3.0000                                               
   8,   1, 677,  3.0000                                               
   8,   1, 678,  3.0000                                               
   8,   1, 679,  3.0000                                               
   8,   1, 680,  3.0000                                               
   8,   1, 681,  2.0000                                               
   8,   1, 682,  2.0000                                               
   8,   1, 683,  2.0000                                               
   8,   1, 684,  2.0000                                               
   8,   1, 685,  2.0000                                               
   8,   1, 686,  2.0000                                               
   8,   1, 687,  2.0000                                               
   8,   1, 688,  2.0000                                               
   8,   1, 689,  2.0000                                               
   8,   1, 690,  1.0000                                               
   8,   1, 691,  1.0000                                               
   8,   1, 692,  1.0000                                               
   8,   1, 693,  1.0000                                               
   8,   1, 694,  1.0000                                               
   8,   1, 695,  2.0000                                               
   8,   1, 696,  2.0000                                               
   8,   1, 697,  3.0000                                               
   8,   1, 698,  3.0000                                               
   8,   1, 699,  3.0000                                               
   8,   1, 700,  3.0000                                               
   8,   1, 701,  3.0000                                               
   8,   1, 702,  3.0000                                               
   8,   1, 703,  3.0000                                               
   8,   1, 704,  3.0000                                               
   8,   1, 705,  2.0000                                               
   8,   1, 706,  2.0000                                               
   8,   1, 707,  2.0000                                               
   8,   1, 708,  2.0000                                               
   8,   1, 709,  2.0000                                               
   8,   1, 710,  2.0000                                               
   8,   1, 711,  2.0000                                               
   8,   1, 712,  2.0000                                               
   8,   1, 713,  2.0000                                               
   8,   1, 714,  1.0000                                               
   8,   1, 715,  1.0000                                               
   8,   1, 716,  1.0000                                               
   8,   1, 717,  1.0000                                               
   8,   1, 718,  1.0000                                               
   8,   1, 719,  2.0000                                               
   8,   1, 720,  2.0000                                               
   8,   1, 721,  3.0000                                               
   8,   1, 722,  3.0000                                               
   8,   1, 723,  3.0000                                               
   8,   1, 724,  3.0000                                               
   8,   1, 725,  3.0000                                               
   8,   1, 726,  3.0000                                               
   8,   1, 727,  3.0000                                               
   8,   1, 728,  3.0000                                               
   8,   1, 729,  2.0000                                               
   8,   1, 730,  2.0000                                               
   8,   1, 731,  2.0000                                               
   8,   1, 732,  2.0000                                               
   8,   1, 733,  2.0000                                               
   8,   1, 734,  2.0000                                               
   8,   1, 735,  2.0000                                               
   8,   1, 736,  2.0000                                               
   8,   1, 737,  2.0000                                               
   8,   1, 738,  1.0000                                               
   8,   1, 739,  1.0000                                               
   8,   1, 740,  1.0000                                               
   8,   1, 741,  1.0000                                               
   8,   1, 742,  1.0000                                               
   8,   1, 743,  2.0000                                               
   8,   1, 744,  2.0000                                               
   9,   1,   1,  2.0000                                               
   9,   1,   2,  3.0000                                               
   9,   1,   3,  3.0000                                               
   9,   1,   4,  3.0000                                               
   9,   1,   5,  3.0000                                               
   9,   1,   6,  3.0000                                               
   9,   1,   7,  3.0000                                               
   9,   1,   8,  3.0000                                               
   9,   1,   9,  2.0000                                               
   9,   1,  10,  2.0000                                               
   9,   1,  11,  2.0000                                               
   9,   1,  12,  2.0000                                               
   9,   1,  13,  2.0000                                               
   9,   1,  14,  2.0000                                               
   9,   1,  15,  2.0000                                               
   9,   1,  16,  1.0000                                               
   9,   1,  17,  1.0000                                               
   9,   1,  18,  1.0000                                               
   9,   1,  19,  1.0000                                               
   9,   1,  20,  1.0000                                               
   9,   1,  21,  1.0000                                               
   9,   1,  22,  1.0000                                               
   9,   1,  23,  2.0000                                               
   9,   1,  24,  2.0000                                               
   9,   1,  25,  3.0000                                               
   9,   1,  26,  3.0000                                               
   9,   1,  27,  3.0000                                               
   9,   1,  28,  3.0000                                               
   9,   1,  29,  3.0000                                               
   9,   1,  30,  3.0000                                               
   9,   1,  31,  3.0000                                               
   9,   1,  32,  3.0000                                               
   9,   1,  33,  3.0000                                               
   9,   1,  34,  3.0000                                               
   9,   1,  35,  3.0000                                               
   9,   1,  36,  3.0000                                               
   9,   1,  37,  3.0000                                               
   9,   1,  38,  3.0000                                               
   9,   1,  39,  3.0000                                               
   9,   1,  40,  3.0000                                               
   9,   1,  41,  3.0000                                               
   9,   1,  42,  2.0000                                               
   9,   1,  43,  2.0000                                               
   9,   1,  44,  2.0000                                               
   9,   1,  45,  2.0000                                               
   9,   1,  46,  2.0000                                               
   9,   1,  47,  2.0000                                               
   9,   1,  48,  2.0000                                               
   9,   1,  49,  3.0000                                               
   9,   1,  50,  3.0000                                               
   9,   1,  51,  3.0000                                               
   9,   1,  52,  3.0000                                               
   9,   1,  53,  3.0000                                               
   9,   1,  54,  3.0000                                               
   9,   1,  55,  3.0000                                               
   9,   1,  56,  3.0000                                               
   9,   1,  57,  3.0000                                               
   9,   1,  58,  3.0000                                               
   9,   1,  59,  3.0000                                               
   9,   1,  60,  3.0000                                               
   9,   1,  61,  3.0000                                               
   9,   1,  62,  3.0000                                               
   9,   1,  63,  3.0000                                               
   9,   1,  64,  3.0000                                               
   9,   1,  65,  3.0000                                               
   9,   1,  66,  2.0000                                               
   9,   1,  67,  2.0000                                               
   9,   1,  68,  2.0000                                               
   9,   1,  69,  2.0000                                               
   9,   1,  70,  2.0000                                               
   9,   1,  71,  2.0000                                               
   9,   1,  72,  2.0000                                               
   9,   1,  73,  2.0000                                               
   9,   1,  74,  3.0000                                               
   9,   1,  75,  3.0000                                               
   9,   1,  76,  3.0000                                               
   9,   1,  77,  3.0000                                               
   9,   1,  78,  3.0000                                               
   9,   1,  79,  3.0000                                               
   9,   1,  80,  3.0000                                               
   9,   1,  81,  2.0000                                               
   9,   1,  82,  2.0000                                               
   9,   1,  83,  2.0000                                               
   9,   1,  84,  2.0000                                               
   9,   1,  85,  2.0000                                               
   9,   1,  86,  2.0000                                               
   9,   1,  87,  2.0000                                               
   9,   1,  88,  1.0000                                               
   9,   1,  89,  1.0000                                               
   9,   1,  90,  1.0000                                               
   9,   1,  91,  1.0000                                               
   9,   1,  92,  1.0000                                               
   9,   1,  93,  1.0000                                               
   9,   1,  94,  1.0000                                               
   9,   1,  95,  2.0000                                               
   9,   1,  96,  2.0000                                               
   9,   1,  97,  2.0000                                               
   9,   1,  98,  3.0000                                               
   9,   1,  99,  3.0000                                               
   9,   1, 100,  3.0000                                               
   9,   1, 101,  3.0000                                               
   9,   1, 102,  3.0000                                               
   9,   1, 103,  3.0000                                               
   9,   1, 104,  3.0000                                               
   9,   1, 105,  2.0000                                               
   9,   1, 106,  2.0000                                               
   9,   1, 107,  2.0000                                               
   9,   1, 108,  2.0000                                               
   9,   1, 109,  2.0000                                               
   9,   1, 110,  2.0000                                               
   9,   1, 111,  2.0000                                               
   9,   1, 112,  1.0000                                               
   9,   1, 113,  1.0000                                               
   9,   1, 114,  1.0000                                               
   9,   1, 115,  1.0000                                               
   9,   1, 116,  1.0000                                               
   9,   1, 117,  1.0000                                               
   9,   1, 118,  1.0000                                               
   9,   1, 119,  2.0000                                               
   9,   1, 120,  2.0000                                               
   9,   1, 121,  2.0000                                               
   9,   1, 122,  3.0000                                               
   9,   1, 123,  3.0000                                               
   9,   1, 124,  3.0000                                               
   9,   1, 125,  3.0000                                               
   9,   1, 126,  3.0000                                               
   9,   1, 127,  3.0000                                               
   9,   1, 128,  3.0000                                               
   9,   1, 129,  2.0000                                               
   9,   1, 130,  2.0000                                               
   9,   1, 131,  2.0000                                               
   9,   1, 132,  2.0000                                               
   9,   1, 133,  2.0000                                               
   9,   1, 134,  2.0000                                               
   9,   1, 135,  2.0000                                               
   9,   1, 136,  1.0000                                               
   9,   1, 137,  1.0000                                               
   9,   1, 138,  1.0000                                               
   9,   1, 139,  1.0000                                               
   9,   1, 140,  1.0000                                               
   9,   1, 141,  1.0000                                               
   9,   1, 142,  1.0000                                               
   9,   1, 143,  2.0000                                               
   9,   1, 144,  2.0000                                               
   9,   1, 145,  3.0000                                               
   9,   1, 146,  3.0000                                               
   9,   1, 147,  3.0000                                               
   9,   1, 148,  3.0000                                               
   9,   1, 149,  3.0000                                               
   9,   1, 150,  3.0000                                               
   9,   1, 151,  3.0000                                               
   9,   1, 152,  3.0000                                               
   9,   1, 153,  3.0000                                               
   9,   1, 154,  3.0000                                               
   9,   1, 155,  3.0000                                               
   9,   1, 156,  3.0000                                               
   9,   1, 157,  3.0000                                               
   9,   1, 158,  3.0000                                               
   9,   1, 159,  3.0000                                               
   9,   1, 160,  3.0000                                               
   9,   1, 161,  3.0000                                               
   9,   1, 162,  2.0000                                               
   9,   1, 163,  2.0000                                               
   9,   1, 164,  2.0000                                               
   9,   1, 165,  2.0000                                               
   9,   1, 166,  2.0000                                               
   9,   1, 167,  2.0000                                               
   9,   1, 168,  2.0000                                               
   9,   1, 169,  2.0000                                               
   9,   1, 170,  3.0000                                               
   9,   1, 171,  3.0000                                               
   9,   1, 172,  3.0000                                               
   9,   1, 173,  3.0000                                               
   9,   1, 174,  3.0000                                               
   9,   1, 175,  3.0000                                               
   9,   1, 176,  3.0000                                               
   9,   1, 177,  2.0000                                               
   9,   1, 178,  2.0000                                               
   9,   1, 179,  2.0000                                               
   9,   1, 180,  2.0000                                               
   9,   1, 181,  2.0000                                               
   9,   1, 182,  2.0000                                               
   9,   1, 183,  2.0000                                               
   9,   1, 184,  1.0000                                               
   9,   1, 185,  1.0000                                               
   9,   1, 186,  1.0000                                               
   9,   1, 187,  1.0000                                               
   9,   1, 188,  1.0000                                               
   9,   1, 189,  1.0000                                               
   9,   1, 190,  1.0000                                               
   9,   1, 191,  2.0000                                               
   9,   1, 192,  2.0000                                               
   9,   1, 193,  3.0000                                               
   9,   1, 194,  3.0000                                               
   9,   1, 195,  3.0000                                               
   9,   1, 196,  3.0000                                               
   9,   1, 197,  3.0000                                               
   9,   1, 198,  3.0000                                               
   9,   1, 199,  3.0000                                               
   9,   1, 200,  3.0000                                               
   9,   1, 201,  3.0000                                               
   9,   1, 202,  3.0000                                               
   9,   1, 203,  3.0000                                               
   9,   1, 204,  3.0000                                               
   9,   1, 205,  3.0000                                               
   9,   1, 206,  3.0000                                               
   9,   1, 207,  3.0000                                               
   9,   1, 208,  3.0000                                               
   9,   1, 209,  3.0000                                               
   9,   1, 210,  2.0000                                               
   9,   1, 211,  2.0000                                               
   9,   1, 212,  2.0000                                               
   9,   1, 213,  2.0000                                               
   9,   1, 214,  2.0000                                               
   9,   1, 215,  2.0000                                               
   9,   1, 216,  2.0000                                               
   9,   1, 217,  3.0000                                               
   9,   1, 218,  3.0000                                               
   9,   1, 219,  3.0000                                               
   9,   1, 220,  3.0000                                               
   9,   1, 221,  3.0000                                               
   9,   1, 222,  3.0000                                               
   9,   1, 223,  3.0000                                               
   9,   1, 224,  3.0000                                               
   9,   1, 225,  3.0000                                               
   9,   1, 226,  3.0000                                               
   9,   1, 227,  3.0000                                               
   9,   1, 228,  3.0000                                               
   9,   1, 229,  3.0000                                               
   9,   1, 230,  3.0000                                               
   9,   1, 231,  3.0000                                               
   9,   1, 232,  3.0000                                               
   9,   1, 233,  3.0000                                               
   9,   1, 234,  2.0000                                               
   9,   1, 235,  2.0000                                               
   9,   1, 236,  2.0000                                               
   9,   1, 237,  2.0000                                               
   9,   1, 238,  2.0000                                               
   9,   1, 239,  2.0000                                               
   9,   1, 240,  2.0000                                               
   9,   1, 241,  2.0000                                               
   9,   1, 242,  3.0000                                               
   9,   1, 243,  3.0000                                               
   9,   1, 244,  3.0000                                               
   9,   1, 245,  3.0000                                               
   9,   1, 246,  3.0000                                               
   9,   1, 247,  3.0000                                               
   9,   1, 248,  3.0000                                               
   9,   1, 249,  2.0000                                               
   9,   1, 250,  2.0000                                               
   9,   1, 251,  2.0000                                               
   9,   1, 252,  2.0000                                               
   9,   1, 253,  2.0000                                               
   9,   1, 254,  2.0000                                               
   9,   1, 255,  2.0000                                               
   9,   1, 256,  1.0000                                               
   9,   1, 257,  1.0000                                               
   9,   1, 258,  1.0000                                               
   9,   1, 259,  1.0000                                               
   9,   1, 260,  1.0000                                               
   9,   1, 261,  1.0000                                               
   9,   1, 262,  1.0000                                               
   9,   1, 263,  2.0000                                               
   9,   1, 264,  2.0000                                               
   9,   1, 265,  2.0000                                               
   9,   1, 266,  3.0000                                               
   9,   1, 267,  3.0000                                               
   9,   1, 268,  3.0000                                               
   9,   1, 269,  3.0000                                               
   9,   1, 270,  3.0000                                               
   9,   1, 271,  3.0000                                               
   9,   1, 272,  3.0000                                               
   9,   1, 273,  2.0000                                               
   9,   1, 274,  2.0000                                               
   9,   1, 275,  2.0000                                               
   9,   1, 276,  2.0000                                               
   9,   1, 277,  2.0000                                               
   9,   1, 278,  2.0000                                               
   9,   1, 279,  2.0000                                               
   9,   1, 280,  1.0000                                               
   9,   1, 281,  1.0000                                               
   9,   1, 282,  1.0000                                               
   9,   1, 283,  1.0000                                               
   9,   1, 284,  1.0000                                               
   9,   1, 285,  1.0000                                               
   9,   1, 286,  1.0000                                               
   9,   1, 287,  2.0000                                               
   9,   1, 288,  2.0000                                               
   9,   1, 289,  2.0000                                               
   9,   1, 290,  3.0000                                               
   9,   1, 291,  3.0000                                               
   9,   1, 292,  3.0000                                               
   9,   1, 293,  3.0000                                               
   9,   1, 294,  3.0000                                               
   9,   1, 295,  3.0000                                               
   9,   1, 296,  3.0000                                               
   9,   1, 297,  2.0000                                               
   9,   1, 298,  2.0000                                               
   9,   1, 299,  2.0000                                               
   9,   1, 300,  2.0000                                               
   9,   1, 301,  2.0000                                               
   9,   1, 302,  2.0000                                               
   9,   1, 303,  2.0000                                               
   9,   1, 304,  1.0000                                               
   9,   1, 305,  1.0000                                               
   9,   1, 306,  1.0000                                               
   9,   1, 307,  1.0000                                               
   9,   1, 308,  1.0000                                               
   9,   1, 309,  1.0000                                               
   9,   1, 310,  1.0000                                               
   9,   1, 311,  2.0000                                               
   9,   1, 312,  2.0000                                               
   9,   1, 313,  2.0000                                               
   9,   1, 314,  3.0000                                               
   9,   1, 315,  3.0000                                               
   9,   1, 316,  3.0000                                               
   9,   1, 317,  3.0000                                               
   9,   1, 318,  3.0000                                               
   9,   1, 319,  3.0000                                               
   9,   1, 320,  3.0000                                               
   9,   1, 321,  2.0000                                               
   9,   1, 322,  2.0000                                               
   9,   1, 323,  2.0000                                               
   9,   1, 324,  2.0000                                               
   9,   1, 325,  2.0000                                               
   9,   1, 326,  2.0000                                               
   9,   1, 327,  2.0000                                               
   9,   1, 328,  1.0000                                               
   9,   1, 329,  1.0000                                               
   9,   1, 330,  1.0000                                               
   9,   1, 331,  1.0000                                               
   9,   1, 332,  1.0000                                               
   9,   1, 333,  1.0000                                               
   9,   1, 334,  1.0000                                               
   9,   1, 335,  2.0000                                               
   9,   1, 336,  2.0000                                               
   9,   1, 337,  2.0000                                               
   9,   1, 338,  3.0000                                               
   9,   1, 339,  3.0000                                               
   9,   1, 340,  3.0000                                               
   9,   1, 341,  3.0000                                               
   9,   1, 342,  3.0000                                               
   9,   1, 343,  3.0000                                               
   9,   1, 344,  3.0000                                               
   9,   1, 345,  2.0000                                               
   9,   1, 346,  2.0000                                               
   9,   1, 347,  2.0000                                               
   9,   1, 348,  2.0000                                               
   9,   1, 349,  2.0000                                               
   9,   1, 350,  2.0000                                               
   9,   1, 351,  2.0000                                               
   9,   1, 352,  1.0000                                               
   9,   1, 353,  1.0000                                               
   9,   1, 354,  1.0000                                               
   9,   1, 355,  1.0000                                               
   9,   1, 356,  1.0000                                               
   9,   1, 357,  1.0000                                               
   9,   1, 358,  1.0000                                               
   9,   1, 359,  2.0000                                               
   9,   1, 360,  2.0000                                               
   9,   1, 361,  3.0000                                               
   9,   1, 362,  3.0000                                               
   9,   1, 363,  3.0000                                               
   9,   1, 364,  3.0000                                               
   9,   1, 365,  3.0000                                               
   9,   1, 366,  3.0000                                               
   9,   1, 367,  3.0000                                               
   9,   1, 368,  3.0000                                               
   9,   1, 369,  3.0000                                               
   9,   1, 370,  3.0000                                               
   9,   1, 371,  3.0000                                               
   9,   1, 372,  3.0000                                               
   9,   1, 373,  3.0000                                               
   9,   1, 374,  3.0000                                               
   9,   1, 375,  3.0000                                               
   9,   1, 376,  3.0000                                               
   9,   1, 377,  3.0000                                               
   9,   1, 378,  2.0000                                               
   9,   1, 379,  2.0000                                               
   9,   1, 380,  2.0000                                               
   9,   1, 381,  2.0000                                               
   9,   1, 382,  2.0000                                               
   9,   1, 383,  2.0000                                               
   9,   1, 384,  2.0000                                               
   9,   1, 385,  3.0000                                               
   9,   1, 386,  3.0000                                               
   9,   1, 387,  3.0000                                               
   9,   1, 388,  3.0000                                               
   9,   1, 389,  3.0000                                               
   9,   1, 390,  3.0000                                               
   9,   1, 391,  3.0000                                               
   9,   1, 392,  3.0000                                               
   9,   1, 393,  3.0000                                               
   9,   1, 394,  3.0000                                               
   9,   1, 395,  3.0000                                               
   9,   1, 396,  3.0000                                               
   9,   1, 397,  3.0000                                               
   9,   1, 398,  3.0000                                               
   9,   1, 399,  3.0000                                               
   9,   1, 400,  3.0000                                               
   9,   1, 401,  3.0000                                               
   9,   1, 402,  2.0000                                               
   9,   1, 403,  2.0000                                               
   9,   1, 404,  2.0000                                               
   9,   1, 405,  2.0000                                               
   9,   1, 406,  2.0000                                               
   9,   1, 407,  2.0000                                               
   9,   1, 408,  2.0000                                               
   9,   1, 409,  2.0000                                               
   9,   1, 410,  3.0000                                               
   9,   1, 411,  3.0000                                               
   9,   1, 412,  3.0000                                               
   9,   1, 413,  3.0000                                               
   9,   1, 414,  3.0000                                               
   9,   1, 415,  3.0000                                               
   9,   1, 416,  3.0000                                               
   9,   1, 417,  2.0000                                               
   9,   1, 418,  2.0000                                               
   9,   1, 419,  2.0000                                               
   9,   1, 420,  2.0000                                               
   9,   1, 421,  2.0000                                               
   9,   1, 422,  2.0000                                               
   9,   1, 423,  2.0000                                               
   9,   1, 424,  1.0000                                               
   9,   1, 425,  1.0000                                               
   9,   1, 426,  1.0000                                               
   9,   1, 427,  1.0000                                               
   9,   1, 428,  1.0000                                               
   9,   1, 429,  1.0000                                               
   9,   1, 430,  1.0000                                               
   9,   1, 431,  2.0000                                               
   9,   1, 432,  2.0000                                               
   9,   1, 433,  2.0000                                               
   9,   1, 434,  3.0000                                               
   9,   1, 435,  3.0000                                               
   9,   1, 436,  3.0000                                               
   9,   1, 437,  3.0000                                               
   9,   1, 438,  3.0000                                               
   9,   1, 439,  3.0000                                               
   9,   1, 440,  3.0000                                               
   9,   1, 441,  2.0000                                               
   9,   1, 442,  2.0000                                               
   9,   1, 443,  2.0000                                               
   9,   1, 444,  2.0000                                               
   9,   1, 445,  2.0000                                               
   9,   1, 446,  2.0000                                               
   9,   1, 447,  2.0000                                               
   9,   1, 448,  1.0000                                               
   9,   1, 449,  1.0000                                               
   9,   1, 450,  1.0000                                               
   9,   1, 451,  1.0000                                               
   9,   1, 452,  1.0000                                               
   9,   1, 453,  1.0000                                               
   9,   1, 454,  1.0000                                               
   9,   1, 455,  2.0000                                               
   9,   1, 456,  2.0000                                               
   9,   1, 457,  2.0000                                               
   9,   1, 458,  3.0000                                               
   9,   1, 459,  3.0000                                               
   9,   1, 460,  3.0000                                               
   9,   1, 461,  3.0000                                               
   9,   1, 462,  3.0000                                               
   9,   1, 463,  3.0000                                               
   9,   1, 464,  3.0000                                               
   9,   1, 465,  2.0000                                               
   9,   1, 466,  2.0000                                               
   9,   1, 467,  2.0000                                               
   9,   1, 468,  2.0000                                               
   9,   1, 469,  2.0000                                               
   9,   1, 470,  2.0000                                               
   9,   1, 471,  2.0000                                               
   9,   1, 472,  1.0000                                               
   9,   1, 473,  1.0000                                               
   9,   1, 474,  1.0000                                               
   9,   1, 475,  1.0000                                               
   9,   1, 476,  1.0000                                               
   9,   1, 477,  1.0000                                               
   9,   1, 478,  1.0000                                               
   9,   1, 479,  2.0000                                               
   9,   1, 480,  2.0000                                               
   9,   1, 481,  2.0000                                               
   9,   1, 482,  3.0000                                               
   9,   1, 483,  3.0000                                               
   9,   1, 484,  3.0000                                               
   9,   1, 485,  3.0000                                               
   9,   1, 486,  3.0000                                               
   9,   1, 487,  3.0000                                               
   9,   1, 488,  3.0000                                               
   9,   1, 489,  2.0000                                               
   9,   1, 490,  2.0000                                               
   9,   1, 491,  2.0000                                               
   9,   1, 492,  2.0000                                               
   9,   1, 493,  2.0000                                               
   9,   1, 494,  2.0000                                               
   9,   1, 495,  2.0000                                               
   9,   1, 496,  1.0000                                               
   9,   1, 497,  1.0000                                               
   9,   1, 498,  1.0000                                               
   9,   1, 499,  1.0000                                               
   9,   1, 500,  1.0000                                               
   9,   1, 501,  1.0000                                               
   9,   1, 502,  1.0000                                               
   9,   1, 503,  2.0000                                               
   9,   1, 504,  2.0000                                               
   9,   1, 505,  2.0000                                               
   9,   1, 506,  3.0000                                               
   9,   1, 507,  3.0000                                               
   9,   1, 508,  3.0000                                               
   9,   1, 509,  3.0000                                               
   9,   1, 510,  3.0000                                               
   9,   1, 511,  3.0000                                               
   9,   1, 512,  3.0000                                               
   9,   1, 513,  2.0000                                               
   9,   1, 514,  2.0000                                               
   9,   1, 515,  2.0000                                               
   9,   1, 516,  2.0000                                               
   9,   1, 517,  2.0000                                               
   9,   1, 518,  2.0000                                               
   9,   1, 519,  2.0000                                               
   9,   1, 520,  1.0000                                               
   9,   1, 521,  1.0000                                               
   9,   1, 522,  1.0000                                               
   9,   1, 523,  1.0000                                               
   9,   1, 524,  1.0000                                               
   9,   1, 525,  1.0000                                               
   9,   1, 526,  1.0000                                               
   9,   1, 527,  2.0000                                               
   9,   1, 528,  2.0000                                               
   9,   1, 529,  3.0000                                               
   9,   1, 530,  3.0000                                               
   9,   1, 531,  3.0000                                               
   9,   1, 532,  3.0000                                               
   9,   1, 533,  3.0000                                               
   9,   1, 534,  3.0000                                               
   9,   1, 535,  3.0000                                               
   9,   1, 536,  3.0000                                               
   9,   1, 537,  3.0000                                               
   9,   1, 538,  3.0000                                               
   9,   1, 539,  3.0000                                               
   9,   1, 540,  3.0000                                               
   9,   1, 541,  3.0000                                               
   9,   1, 542,  3.0000                                               
   9,   1, 543,  3.0000                                               
   9,   1, 544,  3.0000                                               
   9,   1, 545,  3.0000                                               
   9,   1, 546,  2.0000                                               
   9,   1, 547,  2.0000                                               
   9,   1, 548,  2.0000                                               
   9,   1, 549,  2.0000                                               
   9,   1, 550,  2.0000                                               
   9,   1, 551,  2.0000                                               
   9,   1, 552,  2.0000                                               
   9,   1, 553,  3.0000                                               
   9,   1, 554,  3.0000                                               
   9,   1, 555,  3.0000                                               
   9,   1, 556,  3.0000                                               
   9,   1, 557,  3.0000                                               
   9,   1, 558,  3.0000                                               
   9,   1, 559,  3.0000                                               
   9,   1, 560,  3.0000                                               
   9,   1, 561,  3.0000                                               
   9,   1, 562,  3.0000                                               
   9,   1, 563,  3.0000                                               
   9,   1, 564,  3.0000                                               
   9,   1, 565,  3.0000                                               
   9,   1, 566,  3.0000                                               
   9,   1, 567,  3.0000                                               
   9,   1, 568,  3.0000                                               
   9,   1, 569,  3.0000                                               
   9,   1, 570,  2.0000                                               
   9,   1, 571,  2.0000                                               
   9,   1, 572,  2.0000                                               
   9,   1, 573,  2.0000                                               
   9,   1, 574,  2.0000                                               
   9,   1, 575,  2.0000                                               
   9,   1, 576,  2.0000                                               
   9,   1, 577,  2.0000                                               
   9,   1, 578,  3.0000                                               
   9,   1, 579,  3.0000                                               
   9,   1, 580,  3.0000                                               
   9,   1, 581,  3.0000                                               
   9,   1, 582,  3.0000                                               
   9,   1, 583,  3.0000                                               
   9,   1, 584,  3.0000                                               
   9,   1, 585,  2.0000                                               
   9,   1, 586,  2.0000                                               
   9,   1, 587,  2.0000                                               
   9,   1, 588,  2.0000                                               
   9,   1, 589,  2.0000                                               
   9,   1, 590,  2.0000                                               
   9,   1, 591,  2.0000                                               
   9,   1, 592,  1.0000                                               
   9,   1, 593,  1.0000                                               
   9,   1, 594,  1.0000                                               
   9,   1, 595,  1.0000                                               
   9,   1, 596,  1.0000                                               
   9,   1, 597,  1.0000                                               
   9,   1, 598,  1.0000                                               
   9,   1, 599,  2.0000                                               
   9,   1, 600,  2.0000                                               
   9,   1, 601,  2.0000                                               
   9,   1, 602,  3.0000                                               
   9,   1, 603,  3.0000                                               
   9,   1, 604,  3.0000                                               
   9,   1, 605,  3.0000                                               
   9,   1, 606,  3.0000                                               
   9,   1, 607,  3.0000                                               
   9,   1, 608,  3.0000                                               
   9,   1, 609,  2.0000                                               
   9,   1, 610,  2.0000                                               
   9,   1, 611,  2.0000                                               
   9,   1, 612,  2.0000                                               
   9,   1, 613,  2.0000                                               
   9,   1, 614,  2.0000                                               
   9,   1, 615,  2.0000                                               
   9,   1, 616,  1.0000                                               
   9,   1, 617,  1.0000                                               
   9,   1, 618,  1.0000                                               
   9,   1, 619,  1.0000                                               
   9,   1, 620,  1.0000                                               
   9,   1, 621,  1.0000                                               
   9,   1, 622,  1.0000                                               
   9,   1, 623,  2.0000                                               
   9,   1, 624,  2.0000                                               
   9,   1, 625,  2.0000                                               
   9,   1, 626,  3.0000                                               
   9,   1, 627,  3.0000                                               
   9,   1, 628,  3.0000                                               
   9,   1, 629,  3.0000                                               
   9,   1, 630,  3.0000                                               
   9,   1, 631,  3.0000                                               
   9,   1, 632,  3.0000                                               
   9,   1, 633,  2.0000                                               
   9,   1, 634,  2.0000                                               
   9,   1, 635,  2.0000                                               
   9,   1, 636,  2.0000                                               
   9,   1, 637,  2.0000                                               
   9,   1, 638,  2.0000                                               
   9,   1, 639,  2.0000                                               
   9,   1, 640,  1.0000                                               
   9,   1, 641,  1.0000                                               
   9,   1, 642,  1.0000                                               
   9,   1, 643,  1.0000                                               
   9,   1, 644,  1.0000                                               
   9,   1, 645,  1.0000                                               
   9,   1, 646,  1.0000                                               
   9,   1, 647,  2.0000                                               
   9,   1, 648,  2.0000                                               
   9,   1, 649,  2.0000                                               
   9,   1, 650,  3.0000                                               
   9,   1, 651,  3.0000                                               
   9,   1, 652,  3.0000                                               
   9,   1, 653,  3.0000                                               
   9,   1, 654,  3.0000                                               
   9,   1, 655,  3.0000                                               
   9,   1, 656,  3.0000                                               
   9,   1, 657,  2.0000                                               
   9,   1, 658,  2.0000                                               
   9,   1, 659,  2.0000                                               
   9,   1, 660,  2.0000                                               
   9,   1, 661,  2.0000                                               
   9,   1, 662,  2.0000                                               
   9,   1, 663,  2.0000                                               
   9,   1, 664,  1.0000                                               
   9,   1, 665,  1.0000                                               
   9,   1, 666,  1.0000                                               
   9,   1, 667,  1.0000                                               
   9,   1, 668,  1.0000                                               
   9,   1, 669,  1.0000                                               
   9,   1, 670,  1.0000                                               
   9,   1, 671,  2.0000                                               
   9,   1, 672,  2.0000                                               
   9,   1, 673,  2.0000                                               
   9,   1, 674,  3.0000                                               
   9,   1, 675,  3.0000                                               
   9,   1, 676,  3.0000                                               
   9,   1, 677,  3.0000                                               
   9,   1, 678,  3.0000                                               
   9,   1, 679,  3.0000                                               
   9,   1, 680,  3.0000                                               
   9,   1, 681,  2.0000                                               
   9,   1, 682,  2.0000                                               
   9,   1, 683,  2.0000                                               
   9,   1, 684,  2.0000                                               
   9,   1, 685,  2.0000                                               
   9,   1, 686,  2.0000                                               
   9,   1, 687,  2.0000                                               
   9,   1, 688,  1.0000                                               
   9,   1, 689,  1.0000                                               
   9,   1, 690,  1.0000                                               
   9,   1, 691,  1.0000                                               
   9,   1, 692,  1.0000                                               
   9,   1, 693,  1.0000                                               
   9,   1, 694,  1.0000                                               
   9,   1, 695,  2.0000                                               
   9,   1, 696,  2.0000                                               
   9,   1, 697,  3.0000                                               
   9,   1, 698,  3.0000                                               
   9,   1, 699,  3.0000                                               
   9,   1, 700,  3.0000                                               
   9,   1, 701,  3.0000                                               
   9,   1, 702,  3.0000                                               
   9,   1, 703,  3.0000                                               
   9,   1, 704,  3.0000                                               
   9,   1, 705,  3.0000                                               
   9,   1, 706,  3.0000                                               
   9,   1, 707,  3.0000                                               
   9,   1, 708,  3.0000                                               
   9,   1, 709,  3.0000                                               
   9,   1, 710,  3.0000                                               
   9,   1, 711,  3.0000                                               
   9,   1, 712,  3.0000                                               
   9,   1, 713,  3.0000                                               
   9,   1, 714,  2.0000                                               
   9,   1, 715,  2.0000                                               
   9,   1, 716,  2.0000                                               
   9,   1, 717,  2.0000                                               
   9,   1, 718,  2.0000                                               
   9,   1, 719,  2.0000                                               
   9,   1, 720,  2.0000                                               
  10,   1,   1,  3.0000                                               
  10,   1,   2,  3.0000                                               
  10,   1,   3,  3.0000                                               
  10,   1,   4,  3.0000                                               
  10,   1,   5,  3.0000                                               
  10,   1,   6,  3.0000                                               
  10,   1,   7,  3.0000                                               
  10,   1,   8,  3.0000                                               
  10,   1,   9,  3.0000                                               
  10,   1,  10,  3.0000                                               
  10,   1,  11,  3.0000                                               
  10,   1,  12,  3.0000                                               
  10,   1,  13,  3.0000                                               
  10,   1,  14,  3.0000                                               
  10,   1,  15,  3.0000                                               
  10,   1,  16,  3.0000                                               
  10,   1,  17,  3.0000                                               
  10,   1,  18,  2.0000                                               
  10,   1,  19,  2.0000                                               
  10,   1,  20,  2.0000                                               
  10,   1,  21,  2.0000                                               
  10,   1,  22,  2.0000                                               
  10,   1,  23,  2.0000                                               
  10,   1,  24,  2.0000                                               
  10,   1,  25,  2.0000                                               
  10,   1,  26,  3.0000                                               
  10,   1,  27,  3.0000                                               
  10,   1,  28,  3.0000                                               
  10,   1,  29,  3.0000                                               
  10,   1,  30,  3.0000                                               
  10,   1,  31,  3.0000                                               
  10,   1,  32,  3.0000                                               
  10,   1,  33,  2.0000                                               
  10,   1,  34,  2.0000                                               
  10,   1,  35,  2.0000                                               
  10,   1,  36,  2.0000                                               
  10,   1,  37,  2.0000                                               
  10,   1,  38,  2.0000                                               
  10,   1,  39,  2.0000                                               
  10,   1,  40,  1.0000                                               
  10,   1,  41,  1.0000                                               
  10,   1,  42,  1.0000                                               
  10,   1,  43,  1.0000                                               
  10,   1,  44,  1.0000                                               
  10,   1,  45,  1.0000                                               
  10,   1,  46,  1.0000                                               
  10,   1,  47,  2.0000                                               
  10,   1,  48,  2.0000                                               
  10,   1,  49,  2.0000                                               
  10,   1,  50,  3.0000                                               
  10,   1,  51,  3.0000                                               
  10,   1,  52,  3.0000                                               
  10,   1,  53,  3.0000                                               
  10,   1,  54,  3.0000                                               
  10,   1,  55,  3.0000                                               
  10,   1,  56,  3.0000                                               
  10,   1,  57,  2.0000                                               
  10,   1,  58,  2.0000                                               
  10,   1,  59,  2.0000                                               
  10,   1,  60,  2.0000                                               
  10,   1,  61,  2.0000                                               
  10,   1,  62,  2.0000                                               
  10,   1,  63,  2.0000                                               
  10,   1,  64,  1.0000                                               
  10,   1,  65,  1.0000                                               
  10,   1,  66,  1.0000                                               
  10,   1,  67,  1.0000                                               
  10,   1,  68,  1.0000                                               
  10,   1,  69,  1.0000                                               
  10,   1,  70,  1.0000                                               
  10,   1,  71,  2.0000                                               
  10,   1,  72,  2.0000                                               
  10,   1,  73,  2.0000                                               
  10,   1,  74,  3.0000                                               
  10,   1,  75,  3.0000                                               
  10,   1,  76,  3.0000                                               
  10,   1,  77,  3.0000                                               
  10,   1,  78,  3.0000                                               
  10,   1,  79,  3.0000                                               
  10,   1,  80,  3.0000                                               
  10,   1,  81,  2.0000                                               
  10,   1,  82,  2.0000                                               
  10,   1,  83,  2.0000                                               
  10,   1,  84,  2.0000                                               
  10,   1,  85,  2.0000                                               
  10,   1,  86,  2.0000                                               
  10,   1,  87,  2.0000                                               
  10,   1,  88,  1.0000                                               
  10,   1,  89,  1.0000                                               
  10,   1,  90,  1.0000                                               
  10,   1,  91,  1.0000                                               
  10,   1,  92,  1.0000                                               
  10,   1,  93,  1.0000                                               
  10,   1,  94,  1.0000                                               
  10,   1,  95,  2.0000                                               
  10,   1,  96,  2.0000                                               
  10,   1,  97,  2.0000                                               
  10,   1,  98,  3.0000                                               
  10,   1,  99,  3.0000                                               
  10,   1, 100,  3.0000                                               
  10,   1, 101,  3.0000                                               
  10,   1, 102,  3.0000                                               
  10,   1, 103,  3.0000                                               
  10,   1, 104,  3.0000                                               
  10,   1, 105,  2.0000                                               
  10,   1, 106,  2.0000                                               
  10,   1, 107,  2.0000                                               
  10,   1, 108,  2.0000                                               
  10,   1, 109,  2.0000                                               
  10,   1, 110,  2.0000                                               
  10,   1, 111,  2.0000                                               
  10,   1, 112,  1.0000                                               
  10,   1, 113,  1.0000                                               
  10,   1, 114,  1.0000                                               
  10,   1, 115,  1.0000                                               
  10,   1, 116,  1.0000                                               
  10,   1, 117,  1.0000                                               
  10,   1, 118,  1.0000                                               
  10,   1, 119,  2.0000                                               
  10,   1, 120,  2.0000                                               
  10,   1, 121,  2.0000                                               
  10,   1, 122,  3.0000                                               
  10,   1, 123,  3.0000                                               
  10,   1, 124,  3.0000                                               
  10,   1, 125,  3.0000                                               
  10,   1, 126,  3.0000                                               
  10,   1, 127,  3.0000                                               
  10,   1, 128,  3.0000                                               
  10,   1, 129,  2.0000                                               
  10,   1, 130,  2.0000                                               
  10,   1, 131,  2.0000                                               
  10,   1, 132,  2.0000                                               
  10,   1, 133,  2.0000                                               
  10,   1, 134,  2.0000                                               
  10,   1, 135,  2.0000                                               
  10,   1, 136,  1.0000                                               
  10,   1, 137,  1.0000                                               
  10,   1, 138,  1.0000                                               
  10,   1, 139,  1.0000                                               
  10,   1, 140,  1.0000                                               
  10,   1, 141,  1.0000                                               
  10,   1, 142,  1.0000                                               
  10,   1, 143,  2.0000                                               
  10,   1, 144,  2.0000                                               
  10,   1, 145,  3.0000                                               
  10,   1, 146,  3.0000                                               
  10,   1, 147,  3.0000                                               
  10,   1, 148,  3.0000                                               
  10,   1, 149,  3.0000                                               
  10,   1, 150,  3.0000                                               
  10,   1, 151,  3.0000                                               
  10,   1, 152,  3.0000                                               
  10,   1, 153,  3.0000                                               
  10,   1, 154,  3.0000                                               
  10,   1, 155,  3.0000                                               
  10,   1, 156,  3.0000                                               
  10,   1, 157,  3.0000                                               
  10,   1, 158,  3.0000                                               
  10,   1, 159,  3.0000                                               
  10,   1, 160,  3.0000                                               
  10,   1, 161,  3.0000                                               
  10,   1, 162,  2.0000                                               
  10,   1, 163,  2.0000                                               
  10,   1, 164,  2.0000                                               
  10,   1, 165,  2.0000                                               
  10,   1, 166,  2.0000                                               
  10,   1, 167,  2.0000                                               
  10,   1, 168,  2.0000                                               
  10,   1, 169,  3.0000                                               
  10,   1, 170,  3.0000                                               
  10,   1, 171,  3.0000                                               
  10,   1, 172,  3.0000                                               
  10,   1, 173,  3.0000                                               
  10,   1, 174,  3.0000                                               
  10,   1, 175,  3.0000                                               
  10,   1, 176,  3.0000                                               
  10,   1, 177,  3.0000                                               
  10,   1, 178,  3.0000                                               
  10,   1, 179,  3.0000                                               
  10,   1, 180,  3.0000                                               
  10,   1, 181,  3.0000                                               
  10,   1, 182,  3.0000                                               
  10,   1, 183,  3.0000                                               
  10,   1, 184,  3.0000                                               
  10,   1, 185,  3.0000                                               
  10,   1, 186,  2.0000                                               
  10,   1, 187,  2.0000                                               
  10,   1, 188,  2.0000                                               
  10,   1, 189,  2.0000                                               
  10,   1, 190,  2.0000                                               
  10,   1, 191,  2.0000                                               
  10,   1, 192,  2.0000                                               
  10,   1, 193,  2.0000                                               
  10,   1, 194,  3.0000                                               
  10,   1, 195,  3.0000                                               
  10,   1, 196,  3.0000                                               
  10,   1, 197,  3.0000                                               
  10,   1, 198,  3.0000                                               
  10,   1, 199,  3.0000                                               
  10,   1, 200,  3.0000                                               
  10,   1, 201,  2.0000                                               
  10,   1, 202,  2.0000                                               
  10,   1, 203,  2.0000                                               
  10,   1, 204,  2.0000                                               
  10,   1, 205,  2.0000                                               
  10,   1, 206,  2.0000                                               
  10,   1, 207,  2.0000                                               
  10,   1, 208,  1.0000                                               
  10,   1, 209,  1.0000                                               
  10,   1, 210,  1.0000                                               
  10,   1, 211,  1.0000                                               
  10,   1, 212,  1.0000                                               
  10,   1, 213,  1.0000                                               
  10,   1, 214,  1.0000                                               
  10,   1, 215,  2.0000                                               
  10,   1, 216,  2.0000                                               
  10,   1, 217,  2.0000                                               
  10,   1, 218,  3.0000                                               
  10,   1, 219,  3.0000                                               
  10,   1, 220,  3.0000                                               
  10,   1, 221,  3.0000                                               
  10,   1, 222,  3.0000                                               
  10,   1, 223,  3.0000                                               
  10,   1, 224,  3.0000                                               
  10,   1, 225,  2.0000                                               
  10,   1, 226,  2.0000                                               
  10,   1, 227,  2.0000                                               
  10,   1, 228,  2.0000                                               
  10,   1, 229,  2.0000                                               
  10,   1, 230,  2.0000                                               
  10,   1, 231,  2.0000                                               
  10,   1, 232,  1.0000                                               
  10,   1, 233,  1.0000                                               
  10,   1, 234,  1.0000                                               
  10,   1, 235,  1.0000                                               
  10,   1, 236,  1.0000                                               
  10,   1, 237,  1.0000                                               
  10,   1, 238,  1.0000                                               
  10,   1, 239,  2.0000                                               
  10,   1, 240,  2.0000                                               
  10,   1, 241,  2.0000                                               
  10,   1, 242,  3.0000                                               
  10,   1, 243,  3.0000                                               
  10,   1, 244,  3.0000                                               
  10,   1, 245,  3.0000                                               
  10,   1, 246,  3.0000                                               
  10,   1, 247,  3.0000                                               
  10,   1, 248,  3.0000                                               
  10,   1, 249,  2.0000                                               
  10,   1, 250,  2.0000                                               
  10,   1, 251,  2.0000                                               
  10,   1, 252,  2.0000                                               
  10,   1, 253,  2.0000                                               
  10,   1, 254,  2.0000                                               
  10,   1, 255,  2.0000                                               
  10,   1, 256,  1.0000                                               
  10,   1, 257,  1.0000                                               
  10,   1, 258,  1.0000                                               
  10,   1, 259,  1.0000                                               
  10,   1, 260,  1.0000                                               
  10,   1, 261,  1.0000                                               
  10,   1, 262,  1.0000                                               
  10,   1, 263,  2.0000                                               
  10,   1, 264,  2.0000                                               
  10,   1, 265,  3.0000                                               
  10,   1, 266,  3.0000                                               
  10,   1, 267,  3.0000                                               
  10,   1, 268,  3.0000                                               
  10,   1, 269,  3.0000                                               
  10,   1, 270,  3.0000                                               
  10,   1, 271,  3.0000                                               
  10,   1, 272,  3.0000                                               
  10,   1, 273,  3.0000                                               
  10,   1, 274,  3.0000                                               
  10,   1, 275,  3.0000                                               
  10,   1, 276,  3.0000                                               
  10,   1, 277,  3.0000                                               
  10,   1, 278,  3.0000                                               
  10,   1, 279,  3.0000                                               
  10,   1, 280,  3.0000                                               
  10,   1, 281,  3.0000                                               
  10,   1, 282,  2.0000                                               
  10,   1, 283,  2.0000                                               
  10,   1, 284,  2.0000                                               
  10,   1, 285,  2.0000                                               
  10,   1, 286,  2.0000                                               
  10,   1, 287,  2.0000                                               
  10,   1, 288,  2.0000                                               
  10,   1, 289,  2.0000                                               
  10,   1, 290,  3.0000                                               
  10,   1, 291,  3.0000                                               
  10,   1, 292,  3.0000                                               
  10,   1, 293,  3.0000                                               
  10,   1, 294,  3.0000                                               
  10,   1, 295,  3.0000                                               
  10,   1, 296,  3.0000                                               
  10,   1, 297,  2.0000                                               
  10,   1, 298,  2.0000                                               
  10,   1, 299,  2.0000                                               
  10,   1, 300,  2.0000                                               
  10,   1, 301,  2.0000                                               
  10,   1, 302,  2.0000                                               
  10,   1, 303,  2.0000                                               
  10,   1, 304,  1.0000                                               
  10,   1, 305,  1.0000                                               
  10,   1, 306,  1.0000                                               
  10,   1, 307,  1.0000                                               
  10,   1, 308,  1.0000                                               
  10,   1, 309,  1.0000                                               
  10,   1, 310,  1.0000                                               
  10,   1, 311,  2.0000                                               
  10,   1, 312,  2.0000                                               
  10,   1, 313,  3.0000                                               
  10,   1, 314,  3.0000                                               
  10,   1, 315,  3.0000                                               
  10,   1, 316,  3.0000                                               
  10,   1, 317,  3.0000                                               
  10,   1, 318,  3.0000                                               
  10,   1, 319,  3.0000                                               
  10,   1, 320,  3.0000                                               
  10,   1, 321,  3.0000                                               
  10,   1, 322,  3.0000                                               
  10,   1, 323,  3.0000                                               
  10,   1, 324,  3.0000                                               
  10,   1, 325,  3.0000                                               
  10,   1, 326,  3.0000                                               
  10,   1, 327,  3.0000                                               
  10,   1, 328,  3.0000                                               
  10,   1, 329,  3.0000                                               
  10,   1, 330,  2.0000                                               
  10,   1, 331,  2.0000                                               
  10,   1, 332,  2.0000                                               
  10,   1, 333,  2.0000                                               
  10,   1, 334,  2.0000                                               
  10,   1, 335,  2.0000                                               
  10,   1, 336,  2.0000                                               
  10,   1, 337,  3.0000                                               
  10,   1, 338,  3.0000                                               
  10,   1, 339,  3.0000                                               
  10,   1, 340,  3.0000                                               
  10,   1, 341,  3.0000                                               
  10,   1, 342,  3.0000                                               
  10,   1, 343,  3.0000                                               
  10,   1, 344,  3.0000                                               
  10,   1, 345,  3.0000                                               
  10,   1, 346,  3.0000                                               
  10,   1, 347,  3.0000                                               
  10,   1, 348,  3.0000                                               
  10,   1, 349,  3.0000                                               
  10,   1, 350,  3.0000                                               
  10,   1, 351,  3.0000                                               
  10,   1, 352,  3.0000                                               
  10,   1, 353,  3.0000                                               
  10,   1, 354,  2.0000                                               
  10,   1, 355,  2.0000                                               
  10,   1, 356,  2.0000                                               
  10,   1, 357,  2.0000                                               
  10,   1, 358,  2.0000                                               
  10,   1, 359,  2.0000                                               
  10,   1, 360,  2.0000                                               
  10,   1, 361,  2.0000                                               
  10,   1, 362,  3.0000                                               
  10,   1, 363,  3.0000                                               
  10,   1, 364,  3.0000                                               
  10,   1, 365,  3.0000                                               
  10,   1, 366,  3.0000                                               
  10,   1, 367,  3.0000                                               
  10,   1, 368,  3.0000                                               
  10,   1, 369,  2.0000                                               
  10,   1, 370,  2.0000                                               
  10,   1, 371,  2.0000                                               
  10,   1, 372,  2.0000                                               
  10,   1, 373,  2.0000                                               
  10,   1, 374,  2.0000                                               
  10,   1, 375,  2.0000                                               
  10,   1, 376,  1.0000                                               
  10,   1, 377,  1.0000                                               
  10,   1, 378,  1.0000                                               
  10,   1, 379,  1.0000                                               
  10,   1, 380,  1.0000                                               
  10,   1, 381,  1.0000                                               
  10,   1, 382,  1.0000                                               
  10,   1, 383,  2.0000                                               
  10,   1, 384,  2.0000                                               
  10,   1, 385,  2.0000                                               
  10,   1, 386,  3.0000                                               
  10,   1, 387,  3.0000                                               
  10,   1, 388,  3.0000                                               
  10,   1, 389,  3.0000                                               
  10,   1, 390,  3.0000                                               
  10,   1, 391,  3.0000                                               
  10,   1, 392,  3.0000                                               
  10,   1, 393,  2.0000                                               
  10,   1, 394,  2.0000                                               
  10,   1, 395,  2.0000                                               
  10,   1, 396,  2.0000                                               
  10,   1, 397,  2.0000                                               
  10,   1, 398,  2.0000                                               
  10,   1, 399,  2.0000                                               
  10,   1, 400,  1.0000                                               
  10,   1, 401,  1.0000                                               
  10,   1, 402,  1.0000                                               
  10,   1, 403,  1.0000                                               
  10,   1, 404,  1.0000                                               
  10,   1, 405,  1.0000                                               
  10,   1, 406,  1.0000                                               
  10,   1, 407,  2.0000                                               
  10,   1, 408,  2.0000                                               
  10,   1, 409,  2.0000                                               
  10,   1, 410,  3.0000                                               
  10,   1, 411,  3.0000                                               
  10,   1, 412,  3.0000                                               
  10,   1, 413,  3.0000                                               
  10,   1, 414,  3.0000                                               
  10,   1, 415,  3.0000                                               
  10,   1, 416,  3.0000                                               
  10,   1, 417,  2.0000                                               
  10,   1, 418,  2.0000                                               
  10,   1, 419,  2.0000                                               
  10,   1, 420,  2.0000                                               
  10,   1, 421,  2.0000                                               
  10,   1, 422,  2.0000                                               
  10,   1, 423,  2.0000                                               
  10,   1, 424,  1.0000                                               
  10,   1, 425,  1.0000                                               
  10,   1, 426,  1.0000                                               
  10,   1, 427,  1.0000                                               
  10,   1, 428,  1.0000                                               
  10,   1, 429,  1.0000                                               
  10,   1, 430,  1.0000                                               
  10,   1, 431,  2.0000                                               
  10,   1, 432,  2.0000                                               
  10,   1, 433,  2.0000                                               
  10,   1, 434,  3.0000                                               
  10,   1, 435,  3.0000                                               
  10,   1, 436,  3.0000                                               
  10,   1, 437,  3.0000                                               
  10,   1, 438,  3.0000                                               
  10,   1, 439,  3.0000                                               
  10,   1, 440,  3.0000                                               
  10,   1, 441,  2.0000                                               
  10,   1, 442,  2.0000                                               
  10,   1, 443,  2.0000                                               
  10,   1, 444,  2.0000                                               
  10,   1, 445,  2.0000                                               
  10,   1, 446,  2.0000                                               
  10,   1, 447,  2.0000                                               
  10,   1, 448,  1.0000                                               
  10,   1, 449,  1.0000                                               
  10,   1, 450,  1.0000                                               
  10,   1, 451,  1.0000                                               
  10,   1, 452,  1.0000                                               
  10,   1, 453,  1.0000                                               
  10,   1, 454,  1.0000                                               
  10,   1, 455,  2.0000                                               
  10,   1, 456,  2.0000                                               
  10,   1, 457,  2.0000                                               
  10,   1, 458,  3.0000                                               
  10,   1, 459,  3.0000                                               
  10,   1, 460,  3.0000                                               
  10,   1, 461,  3.0000                                               
  10,   1, 462,  3.0000                                               
  10,   1, 463,  3.0000                                               
  10,   1, 464,  3.0000                                               
  10,   1, 465,  2.0000                                               
  10,   1, 466,  2.0000                                               
  10,   1, 467,  2.0000                                               
  10,   1, 468,  2.0000                                               
  10,   1, 469,  2.0000                                               
  10,   1, 470,  2.0000                                               
  10,   1, 471,  2.0000                                               
  10,   1, 472,  1.0000                                               
  10,   1, 473,  1.0000                                               
  10,   1, 474,  1.0000                                               
  10,   1, 475,  1.0000                                               
  10,   1, 476,  1.0000                                               
  10,   1, 477,  1.0000                                               
  10,   1, 478,  1.0000                                               
  10,   1, 479,  2.0000                                               
  10,   1, 480,  2.0000                                               
  10,   1, 481,  3.0000                                               
  10,   1, 482,  3.0000                                               
  10,   1, 483,  3.0000                                               
  10,   1, 484,  3.0000                                               
  10,   1, 485,  3.0000                                               
  10,   1, 486,  3.0000                                               
  10,   1, 487,  3.0000                                               
  10,   1, 488,  3.0000                                               
  10,   1, 489,  3.0000                                               
  10,   1, 490,  3.0000                                               
  10,   1, 491,  3.0000                                               
  10,   1, 492,  3.0000                                               
  10,   1, 493,  3.0000                                               
  10,   1, 494,  3.0000                                               
  10,   1, 495,  3.0000                                               
  10,   1, 496,  3.0000                                               
  10,   1, 497,  3.0000                                               
  10,   1, 498,  2.0000                                               
  10,   1, 499,  2.0000                                               
  10,   1, 500,  2.0000                                               
  10,   1, 501,  2.0000                                               
  10,   1, 502,  2.0000                                               
  10,   1, 503,  2.0000                                               
  10,   1, 504,  2.0000                                               
  10,   1, 505,  3.0000                                               
  10,   1, 506,  3.0000                                               
  10,   1, 507,  3.0000                                               
  10,   1, 508,  3.0000                                               
  10,   1, 509,  3.0000                                               
  10,   1, 510,  3.0000                                               
  10,   1, 511,  3.0000                                               
  10,   1, 512,  3.0000                                               
  10,   1, 513,  3.0000                                               
  10,   1, 514,  3.0000                                               
  10,   1, 515,  3.0000                                               
  10,   1, 516,  3.0000                                               
  10,   1, 517,  3.0000                                               
  10,   1, 518,  3.0000                                               
  10,   1, 519,  3.0000                                               
  10,   1, 520,  3.0000                                               
  10,   1, 521,  3.0000                                               
  10,   1, 522,  2.0000                                               
  10,   1, 523,  2.0000                                               
  10,   1, 524,  2.0000                                               
  10,   1, 525,  2.0000                                               
  10,   1, 526,  2.0000                                               
  10,   1, 527,  2.0000                                               
  10,   1, 528,  2.0000                                               
  10,   1, 529,  2.0000                                               
  10,   1, 530,  3.0000                                               
  10,   1, 531,  3.0000                                               
  10,   1, 532,  3.0000                                               
  10,   1, 533,  3.0000                                               
  10,   1, 534,  3.0000                                               
  10,   1, 535,  3.0000                                               
  10,   1, 536,  3.0000                                               
  10,   1, 537,  2.0000                                               
  10,   1, 538,  2.0000                                               
  10,   1, 539,  2.0000                                               
  10,   1, 540,  2.0000                                               
  10,   1, 541,  2.0000                                               
  10,   1, 542,  2.0000                                               
  10,   1, 543,  2.0000                                               
  10,   1, 544,  1.0000                                               
  10,   1, 545,  1.0000                                               
  10,   1, 546,  1.0000                                               
  10,   1, 547,  1.0000                                               
  10,   1, 548,  1.0000                                               
  10,   1, 549,  1.0000                                               
  10,   1, 550,  1.0000                                               
  10,   1, 551,  2.0000                                               
  10,   1, 552,  2.0000                                               
  10,   1, 553,  2.0000                                               
  10,   1, 554,  3.0000                                               
  10,   1, 555,  3.0000                                               
  10,   1, 556,  3.0000                                               
  10,   1, 557,  3.0000                                               
  10,   1, 558,  3.0000                                               
  10,   1, 559,  3.0000                                               
  10,   1, 560,  3.0000                                               
  10,   1, 561,  2.0000                                               
  10,   1, 562,  2.0000                                               
  10,   1, 563,  2.0000                                               
  10,   1, 564,  2.0000                                               
  10,   1, 565,  2.0000                                               
  10,   1, 566,  2.0000                                               
  10,   1, 567,  2.0000                                               
  10,   1, 568,  1.0000                                               
  10,   1, 569,  1.0000                                               
  10,   1, 570,  1.0000                                               
  10,   1, 571,  1.0000                                               
  10,   1, 572,  1.0000                                               
  10,   1, 573,  1.0000                                               
  10,   1, 574,  1.0000                                               
  10,   1, 575,  2.0000                                               
  10,   1, 576,  2.0000                                               
  10,   1, 577,  2.0000                                               
  10,   1, 578,  3.0000                                               
  10,   1, 579,  3.0000                                               
  10,   1, 580,  3.0000                                               
  10,   1, 581,  3.0000                                               
  10,   1, 582,  3.0000                                               
  10,   1, 583,  3.0000                                               
  10,   1, 584,  3.0000                                               
  10,   1, 585,  2.0000                                               
  10,   1, 586,  2.0000                                               
  10,   1, 587,  2.0000                                               
  10,   1, 588,  2.0000                                               
  10,   1, 589,  2.0000                                               
  10,   1, 590,  2.0000                                               
  10,   1, 591,  2.0000                                               
  10,   1, 592,  1.0000                                               
  10,   1, 593,  1.0000                                               
  10,   1, 594,  1.0000                                               
  10,   1, 595,  1.0000                                               
  10,   1, 596,  1.0000                                               
  10,   1, 597,  1.0000                                               
  10,   1, 598,  1.0000                                               
  10,   1, 599,  2.0000                                               
  10,   1, 600,  2.0000                                               
  10,   1, 601,  2.0000                                               
  10,   1, 602,  3.0000                                               
  10,   1, 603,  3.0000                                               
  10,   1, 604,  3.0000                                               
  10,   1, 605,  3.0000                                               
  10,   1, 606,  3.0000                                               
  10,   1, 607,  3.0000                                               
  10,   1, 608,  3.0000                                               
  10,   1, 609,  2.0000                                               
  10,   1, 610,  2.0000                                               
  10,   1, 611,  2.0000                                               
  10,   1, 612,  2.0000                                               
  10,   1, 613,  2.0000                                               
  10,   1, 614,  2.0000                                               
  10,   1, 615,  2.0000                                               
  10,   1, 616,  1.0000                                               
  10,   1, 617,  1.0000                                               
  10,   1, 618,  1.0000                                               
  10,   1, 619,  1.0000                                               
  10,   1, 620,  1.0000                                               
  10,   1, 621,  1.0000                                               
  10,   1, 622,  1.0000                                               
  10,   1, 623,  2.0000                                               
  10,   1, 624,  2.0000                                               
  10,   1, 625,  2.0000                                               
  10,   1, 626,  3.0000                                               
  10,   1, 627,  3.0000                                               
  10,   1, 628,  3.0000                                               
  10,   1, 629,  3.0000                                               
  10,   1, 630,  3.0000                                               
  10,   1, 631,  3.0000                                               
  10,   1, 632,  3.0000                                               
  10,   1, 633,  2.0000                                               
  10,   1, 634,  2.0000                                               
  10,   1, 635,  2.0000                                               
  10,   1, 636,  2.0000                                               
  10,   1, 637,  2.0000                                               
  10,   1, 638,  2.0000                                               
  10,   1, 639,  2.0000                                               
  10,   1, 640,  1.0000                                               
  10,   1, 641,  1.0000                                               
  10,   1, 642,  1.0000                                               
  10,   1, 643,  1.0000                                               
  10,   1, 644,  1.0000                                               
  10,   1, 645,  1.0000                                               
  10,   1, 646,  1.0000                                               
  10,   1, 647,  2.0000                                               
  10,   1, 648,  2.0000                                               
  10,   1, 649,  3.0000                                               
  10,   1, 650,  3.0000                                               
  10,   1, 651,  3.0000                                               
  10,   1, 652,  3.0000                                               
  10,   1, 653,  3.0000                                               
  10,   1, 654,  3.0000                                               
  10,   1, 655,  3.0000                                               
  10,   1, 656,  3.0000                                               
  10,   1, 657,  3.0000                                               
  10,   1, 658,  3.0000                                               
  10,   1, 659,  3.0000                                               
  10,   1, 660,  3.0000                                               
  10,   1, 661,  3.0000                                               
  10,   1, 662,  3.0000                                               
  10,   1, 663,  3.0000                                               
  10,   1, 664,  3.0000                                               
  10,   1, 665,  3.0000                                               
  10,   1, 666,  2.0000                                               
  10,   1, 667,  2.0000                                               
  10,   1, 668,  2.0000                                               
  10,   1, 669,  2.0000                                               
  10,   1, 670,  2.0000                                               
  10,   1, 671,  2.0000                                               
  10,   1, 672,  2.0000                                               
  10,   1, 673,  3.0000                                               
  10,   1, 674,  3.0000                                               
  10,   1, 675,  3.0000                                               
  10,   1, 676,  3.0000                                               
  10,   1, 677,  3.0000                                               
  10,   1, 678,  3.0000                                               
  10,   1, 679,  3.0000                                               
  10,   1, 680,  3.0000                                               
  10,   1, 681,  3.0000                                               
  10,   1, 682,  3.0000                                               
  10,   1, 683,  3.0000                                               
  10,   1, 684,  3.0000                                               
  10,   1, 685,  3.0000                                               
  10,   1, 686,  3.0000                                               
  10,   1, 687,  3.0000                                               
  10,   1, 688,  3.0000                                               
  10,   1, 689,  3.0000                                               
  10,   1, 690,  2.0000                                               
  10,   1, 691,  2.0000                                               
  10,   1, 692,  2.0000                                               
  10,   1, 693,  2.0000                                               
  10,   1, 694,  2.0000                                               
  10,   1, 695,  2.0000                                               
  10,   1, 696,  2.0000                                               
  10,   1, 697,  2.0000                                               
  10,   1, 698,  3.0000                                               
  10,   1, 699,  3.0000                                               
  10,   1, 700,  3.0000                                               
  10,   1, 701,  3.0000                                               
  10,   1, 702,  3.0000                                               
  10,   1, 703,  3.0000                                               
  10,   1, 704,  3.0000                                               
  10,   1, 705,  2.0000                                               
  10,   1, 706,  2.0000                                               
  10,   1, 707,  2.0000                                               
  10,   1, 708,  2.0000                                               
  10,   1, 709,  2.0000                                               
  10,   1, 710,  2.0000                                               
  10,   1, 711,  2.0000                                               
  10,   1, 712,  1.0000                                               
  10,   1, 713,  1.0000                                               
  10,   1, 714,  1.0000                                               
  10,   1, 715,  1.0000                                               
  10,   1, 716,  1.0000                                               
  10,   1, 717,  1.0000                                               
  10,   1, 718,  1.0000                                               
  10,   1, 719,  2.0000                                               
  10,   1, 720,  2.0000                                               
  10,   1, 721,  2.0000                                               
  10,   1, 722,  3.0000                                               
  10,   1, 723,  3.0000                                               
  10,   1, 724,  3.0000                                               
  10,   1, 725,  3.0000                                               
  10,   1, 726,  3.0000                                               
  10,   1, 727,  3.0000                                               
  10,   1, 728,  3.0000                                               
  10,   1, 729,  2.0000                                               
  10,   1, 730,  2.0000                                               
  10,   1, 731,  2.0000                                               
  10,   1, 732,  2.0000                                               
  10,   1, 733,  2.0000                                               
  10,   1, 734,  2.0000                                               
  10,   1, 735,  2.0000                                               
  10,   1, 736,  1.0000                                               
  10,   1, 737,  1.0000                                               
  10,   1, 738,  1.0000                                               
  10,   1, 739,  1.0000                                               
  10,   1, 740,  1.0000                                               
  10,   1, 741,  1.0000                                               
  10,   1, 742,  1.0000                                               
  10,   1, 743,  2.0000                                               
  10,   1, 744,  2.0000                                               
  11,   1,   1,  2.0000                                               
  11,   1,   2,  3.0000                                               
  11,   1,   3,  3.0000                                               
  11,   1,   4,  3.0000                                               
  11,   1,   5,  3.0000                                               
  11,   1,   6,  3.0000                                               
  11,   1,   7,  3.0000                                               
  11,   1,   8,  3.0000                                               
  11,   1,   9,  2.0000                                               
  11,   1,  10,  2.0000                                               
  11,   1,  11,  2.0000                                               
  11,   1,  12,  2.0000                                               
  11,   1,  13,  2.0000                                               
  11,   1,  14,  2.0000                                               
  11,   1,  15,  2.0000                                               
  11,   1,  16,  1.0000                                               
  11,   1,  17,  1.0000                                               
  11,   1,  18,  1.0000                                               
  11,   1,  19,  1.0000                                               
  11,   1,  20,  1.0000                                               
  11,   1,  21,  1.0000                                               
  11,   1,  22,  1.0000                                               
  11,   1,  23,  1.0000                                               
  11,   1,  24,  2.0000                                               
  11,   1,  25,  2.0000                                               
  11,   1,  26,  3.0000                                               
  11,   1,  27,  3.0000                                               
  11,   1,  28,  3.0000                                               
  11,   1,  29,  3.0000                                               
  11,   1,  30,  3.0000                                               
  11,   1,  31,  3.0000                                               
  11,   1,  32,  3.0000                                               
  11,   1,  33,  3.0000                                               
  11,   1,  34,  3.0000                                               
  11,   1,  35,  3.0000                                               
  11,   1,  36,  3.0000                                               
  11,   1,  37,  3.0000                                               
  11,   1,  38,  3.0000                                               
  11,   1,  39,  3.0000                                               
  11,   1,  40,  3.0000                                               
  11,   1,  41,  3.0000                                               
  11,   1,  42,  3.0000                                               
  11,   1,  43,  2.0000                                               
  11,   1,  44,  2.0000                                               
  11,   1,  45,  2.0000                                               
  11,   1,  46,  2.0000                                               
  11,   1,  47,  2.0000                                               
  11,   1,  48,  2.0000                                               
  11,   1,  49,  2.0000                                               
  11,   1,  50,  3.0000                                               
  11,   1,  51,  3.0000                                               
  11,   1,  52,  3.0000                                               
  11,   1,  53,  3.0000                                               
  11,   1,  54,  3.0000                                               
  11,   1,  55,  3.0000                                               
  11,   1,  56,  3.0000                                               
  11,   1,  57,  2.0000                                               
  11,   1,  58,  2.0000                                               
  11,   1,  59,  2.0000                                               
  11,   1,  60,  2.0000                                               
  11,   1,  61,  2.0000                                               
  11,   1,  62,  2.0000                                               
  11,   1,  63,  2.0000                                               
  11,   1,  64,  1.0000                                               
  11,   1,  65,  1.0000                                               
  11,   1,  66,  1.0000                                               
  11,   1,  67,  1.0000                                               
  11,   1,  68,  1.0000                                               
  11,   1,  69,  1.0000                                               
  11,   1,  70,  1.0000                                               
  11,   1,  71,  1.0000                                               
  11,   1,  72,  2.0000                                               
  11,   1,  73,  2.0000                                               
  11,   1,  74,  3.0000                                               
  11,   1,  75,  3.0000                                               
  11,   1,  76,  3.0000                                               
  11,   1,  77,  3.0000                                               
  11,   1,  78,  3.0000                                               
  11,   1,  79,  3.0000                                               
  11,   1,  80,  3.0000                                               
  11,   1,  81,  3.0000                                               
  11,   1,  82,  3.0000                                               
  11,   1,  83,  3.0000                                               
  11,   1,  84,  3.0000                                               
  11,   1,  85,  3.0000                                               
  11,   1,  86,  3.0000                                               
  11,   1,  87,  3.0000                                               
  11,   1,  88,  3.0000                                               
  11,   1,  89,  3.0000                                               
  11,   1,  90,  3.0000                                               
  11,   1,  91,  2.0000                                               
  11,   1,  92,  2.0000                                               
  11,   1,  93,  2.0000                                               
  11,   1,  94,  2.0000                                               
  11,   1,  95,  2.0000                                               
  11,   1,  96,  2.0000                                               
  11,   1,  97,  2.0000                                               
  11,   1,  98,  3.0000                                               
  11,   1,  99,  3.0000                                               
  11,   1, 100,  3.0000                                               
  11,   1, 101,  3.0000                                               
  11,   1, 102,  3.0000                                               
  11,   1, 103,  3.0000                                               
  11,   1, 104,  3.0000                                               
  11,   1, 105,  3.0000                                               
  11,   1, 106,  3.0000                                               
  11,   1, 107,  3.0000                                               
  11,   1, 108,  3.0000                                               
  11,   1, 109,  3.0000                                               
  11,   1, 110,  3.0000                                               
  11,   1, 111,  3.0000                                               
  11,   1, 112,  3.0000                                               
  11,   1, 113,  3.0000                                               
  11,   1, 114,  3.0000                                               
  11,   1, 115,  2.0000                                               
  11,   1, 116,  2.0000                                               
  11,   1, 117,  2.0000                                               
  11,   1, 118,  2.0000                                               
  11,   1, 119,  2.0000                                               
  11,   1, 120,  2.0000                                               
  11,   1, 121,  2.0000                                               
  11,   1, 122,  3.0000                                               
  11,   1, 123,  3.0000                                               
  11,   1, 124,  3.0000                                               
  11,   1, 125,  3.0000                                               
  11,   1, 126,  3.0000                                               
  11,   1, 127,  3.0000                                               
  11,   1, 128,  3.0000                                               
  11,   1, 129,  2.0000                                               
  11,   1, 130,  2.0000                                               
  11,   1, 131,  2.0000                                               
  11,   1, 132,  2.0000                                               
  11,   1, 133,  2.0000                                               
  11,   1, 134,  2.0000                                               
  11,   1, 135,  2.0000                                               
  11,   1, 136,  1.0000                                               
  11,   1, 137,  1.0000                                               
  11,   1, 138,  1.0000                                               
  11,   1, 139,  1.0000                                               
  11,   1, 140,  1.0000                                               
  11,   1, 141,  1.0000                                               
  11,   1, 142,  1.0000                                               
  11,   1, 143,  1.0000                                               
  11,   1, 144,  2.0000                                               
  11,   1, 145,  2.0000                                               
  11,   1, 146,  3.0000                                               
  11,   1, 147,  3.0000                                               
  11,   1, 148,  3.0000                                               
  11,   1, 149,  3.0000                                               
  11,   1, 150,  3.0000                                               
  11,   1, 151,  3.0000                                               
  11,   1, 152,  3.0000                                               
  11,   1, 153,  2.0000                                               
  11,   1, 154,  2.0000                                               
  11,   1, 155,  2.0000                                               
  11,   1, 156,  2.0000                                               
  11,   1, 157,  2.0000                                               
  11,   1, 158,  2.0000                                               
  11,   1, 159,  2.0000                                               
  11,   1, 160,  1.0000                                               
  11,   1, 161,  1.0000                                               
  11,   1, 162,  1.0000                                               
  11,   1, 163,  1.0000                                               
  11,   1, 164,  1.0000                                               
  11,   1, 165,  1.0000                                               
  11,   1, 166,  1.0000                                               
  11,   1, 167,  1.0000                                               
  11,   1, 168,  2.0000                                               
  11,   1, 169,  2.0000                                               
  11,   1, 170,  3.0000                                               
  11,   1, 171,  3.0000                                               
  11,   1, 172,  3.0000                                               
  11,   1, 173,  3.0000                                               
  11,   1, 174,  3.0000                                               
  11,   1, 175,  3.0000                                               
  11,   1, 176,  3.0000                                               
  11,   1, 177,  2.0000                                               
  11,   1, 178,  2.0000                                               
  11,   1, 179,  2.0000                                               
  11,   1, 180,  2.0000                                               
  11,   1, 181,  2.0000                                               
  11,   1, 182,  2.0000                                               
  11,   1, 183,  2.0000                                               
  11,   1, 184,  1.0000                                               
  11,   1, 185,  1.0000                                               
  11,   1, 186,  1.0000                                               
  11,   1, 187,  1.0000                                               
  11,   1, 188,  1.0000                                               
  11,   1, 189,  1.0000                                               
  11,   1, 190,  1.0000                                               
  11,   1, 191,  1.0000                                               
  11,   1, 192,  2.0000                                               
  11,   1, 193,  2.0000                                               
  11,   1, 194,  3.0000                                               
  11,   1, 195,  3.0000                                               
  11,   1, 196,  3.0000                                               
  11,   1, 197,  3.0000                                               
  11,   1, 198,  3.0000                                               
  11,   1, 199,  3.0000                                               
  11,   1, 200,  3.0000                                               
  11,   1, 201,  2.0000                                               
  11,   1, 202,  2.0000                                               
  11,   1, 203,  2.0000                                               
  11,   1, 204,  2.0000                                               
  11,   1, 205,  2.0000                                               
  11,   1, 206,  2.0000                                               
  11,   1, 207,  2.0000                                               
  11,   1, 208,  1.0000                                               
  11,   1, 209,  1.0000                                               
  11,   1, 210,  1.0000                                               
  11,   1, 211,  1.0000                                               
  11,   1, 212,  1.0000                                               
  11,   1, 213,  1.0000                                               
  11,   1, 214,  1.0000                                               
  11,   1, 215,  1.0000                                               
  11,   1, 216,  2.0000                                               
  11,   1, 217,  2.0000                                               
  11,   1, 218,  3.0000                                               
  11,   1, 219,  3.0000                                               
  11,   1, 220,  3.0000                                               
  11,   1, 221,  3.0000                                               
  11,   1, 222,  3.0000                                               
  11,   1, 223,  3.0000                                               
  11,   1, 224,  3.0000                                               
  11,   1, 225,  2.0000                                               
  11,   1, 226,  2.0000                                               
  11,   1, 227,  2.0000                                               
  11,   1, 228,  2.0000                                               
  11,   1, 229,  2.0000                                               
  11,   1, 230,  2.0000                                               
  11,   1, 231,  2.0000                                               
  11,   1, 232,  1.0000                                               
  11,   1, 233,  1.0000                                               
  11,   1, 234,  1.0000                                               
  11,   1, 235,  1.0000                                               
  11,   1, 236,  1.0000                                               
  11,   1, 237,  1.0000                                               
  11,   1, 238,  1.0000                                               
  11,   1, 239,  1.0000                                               
  11,   1, 240,  2.0000                                               
  11,   1, 241,  2.0000                                               
  11,   1, 242,  3.0000                                               
  11,   1, 243,  3.0000                                               
  11,   1, 244,  3.0000                                               
  11,   1, 245,  3.0000                                               
  11,   1, 246,  3.0000                                               
  11,   1, 247,  3.0000                                               
  11,   1, 248,  3.0000                                               
  11,   1, 249,  3.0000                                               
  11,   1, 250,  3.0000                                               
  11,   1, 251,  3.0000                                               
  11,   1, 252,  3.0000                                               
  11,   1, 253,  3.0000                                               
  11,   1, 254,  3.0000                                               
  11,   1, 255,  3.0000                                               
  11,   1, 256,  3.0000                                               
  11,   1, 257,  3.0000                                               
  11,   1, 258,  3.0000                                               
  11,   1, 259,  2.0000                                               
  11,   1, 260,  2.0000                                               
  11,   1, 261,  2.0000                                               
  11,   1, 262,  2.0000                                               
  11,   1, 263,  2.0000                                               
  11,   1, 264,  2.0000                                               
  11,   1, 265,  2.0000                                               
  11,   1, 266,  3.0000                                               
  11,   1, 267,  3.0000                                               
  11,   1, 268,  3.0000                                               
  11,   1, 269,  3.0000                                               
  11,   1, 270,  3.0000                                               
  11,   1, 271,  3.0000                                               
  11,   1, 272,  3.0000                                               
  11,   1, 273,  3.0000                                               
  11,   1, 274,  3.0000                                               
  11,   1, 275,  3.0000                                               
  11,   1, 276,  3.0000                                               
  11,   1, 277,  3.0000                                               
  11,   1, 278,  3.0000                                               
  11,   1, 279,  3.0000                                               
  11,   1, 280,  3.0000                                               
  11,   1, 281,  3.0000                                               
  11,   1, 282,  3.0000                                               
  11,   1, 283,  2.0000                                               
  11,   1, 284,  2.0000                                               
  11,   1, 285,  2.0000                                               
  11,   1, 286,  2.0000                                               
  11,   1, 287,  2.0000                                               
  11,   1, 288,  2.0000                                               
  11,   1, 289,  2.0000                                               
  11,   1, 290,  3.0000                                               
  11,   1, 291,  3.0000                                               
  11,   1, 292,  3.0000                                               
  11,   1, 293,  3.0000                                               
  11,   1, 294,  3.0000                                               
  11,   1, 295,  3.0000                                               
  11,   1, 296,  3.0000                                               
  11,   1, 297,  2.0000                                               
  11,   1, 298,  2.0000                                               
  11,   1, 299,  2.0000                                               
  11,   1, 300,  2.0000                                               
  11,   1, 301,  2.0000                                               
  11,   1, 302,  2.0000                                               
  11,   1, 303,  2.0000                                               
  11,   1, 304,  1.0000                                               
  11,   1, 305,  1.0000                                               
  11,   1, 306,  1.0000                                               
  11,   1, 307,  1.0000                                               
  11,   1, 308,  1.0000                                               
  11,   1, 309,  1.0000                                               
  11,   1, 310,  1.0000                                               
  11,   1, 311,  1.0000                                               
  11,   1, 312,  2.0000                                               
  11,   1, 313,  2.0000                                               
  11,   1, 314,  3.0000                                               
  11,   1, 315,  3.0000                                               
  11,   1, 316,  3.0000                                               
  11,   1, 317,  3.0000                                               
  11,   1, 318,  3.0000                                               
  11,   1, 319,  3.0000                                               
  11,   1, 320,  3.0000                                               
  11,   1, 321,  2.0000                                               
  11,   1, 322,  2.0000                                               
  11,   1, 323,  2.0000                                               
  11,   1, 324,  2.0000                                               
  11,   1, 325,  2.0000                                               
  11,   1, 326,  2.0000                                               
  11,   1, 327,  2.0000                                               
  11,   1, 328,  1.0000                                               
  11,   1, 329,  1.0000                                               
  11,   1, 330,  1.0000                                               
  11,   1, 331,  1.0000                                               
  11,   1, 332,  1.0000                                               
  11,   1, 333,  1.0000                                               
  11,   1, 334,  1.0000                                               
  11,   1, 335,  1.0000                                               
  11,   1, 336,  2.0000                                               
  11,   1, 337,  2.0000                                               
  11,   1, 338,  3.0000                                               
  11,   1, 339,  3.0000                                               
  11,   1, 340,  3.0000                                               
  11,   1, 341,  3.0000                                               
  11,   1, 342,  3.0000                                               
  11,   1, 343,  3.0000                                               
  11,   1, 344,  3.0000                                               
  11,   1, 345,  3.0000                                               
  11,   1, 346,  3.0000                                               
  11,   1, 347,  3.0000                                               
  11,   1, 348,  3.0000                                               
  11,   1, 349,  3.0000                                               
  11,   1, 350,  3.0000                                               
  11,   1, 351,  3.0000                                               
  11,   1, 352,  3.0000                                               
  11,   1, 353,  3.0000                                               
  11,   1, 354,  3.0000                                               
  11,   1, 355,  2.0000                                               
  11,   1, 356,  2.0000                                               
  11,   1, 357,  2.0000                                               
  11,   1, 358,  2.0000                                               
  11,   1, 359,  2.0000                                               
  11,   1, 360,  2.0000                                               
  11,   1, 361,  2.0000                                               
  11,   1, 362,  3.0000                                               
  11,   1, 363,  3.0000                                               
  11,   1, 364,  3.0000                                               
  11,   1, 365,  3.0000                                               
  11,   1, 366,  3.0000                                               
  11,   1, 367,  3.0000                                               
  11,   1, 368,  3.0000                                               
  11,   1, 369,  2.0000                                               
  11,   1, 370,  2.0000                                               
  11,   1, 371,  2.0000                                               
  11,   1, 372,  2.0000                                               
  11,   1, 373,  2.0000                                               
  11,   1, 374,  2.0000                                               
  11,   1, 375,  2.0000                                               
  11,   1, 376,  1.0000                                               
  11,   1, 377,  1.0000                                               
  11,   1, 378,  1.0000                                               
  11,   1, 379,  1.0000                                               
  11,   1, 380,  1.0000                                               
  11,   1, 381,  1.0000                                               
  11,   1, 382,  1.0000                                               
  11,   1, 383,  1.0000                                               
  11,   1, 384,  2.0000                                               
  11,   1, 385,  2.0000                                               
  11,   1, 386,  3.0000                                               
  11,   1, 387,  3.0000                                               
  11,   1, 388,  3.0000                                               
  11,   1, 389,  3.0000                                               
  11,   1, 390,  3.0000                                               
  11,   1, 391,  3.0000                                               
  11,   1, 392,  3.0000                                               
  11,   1, 393,  2.0000                                               
  11,   1, 394,  2.0000                                               
  11,   1, 395,  2.0000                                               
  11,   1, 396,  2.0000                                               
  11,   1, 397,  2.0000                                               
  11,   1, 398,  2.0000                                               
  11,   1, 399,  2.0000                                               
  11,   1, 400,  1.0000                                               
  11,   1, 401,  1.0000                                               
  11,   1, 402,  1.0000                                               
  11,   1, 403,  1.0000                                               
  11,   1, 404,  1.0000                                               
  11,   1, 405,  1.0000                                               
  11,   1, 406,  1.0000                                               
  11,   1, 407,  1.0000                                               
  11,   1, 408,  2.0000                                               
  11,   1, 409,  2.0000                                               
  11,   1, 410,  3.0000                                               
  11,   1, 411,  3.0000                                               
  11,   1, 412,  3.0000                                               
  11,   1, 413,  3.0000                                               
  11,   1, 414,  3.0000                                               
  11,   1, 415,  3.0000                                               
  11,   1, 416,  3.0000                                               
  11,   1, 417,  3.0000                                               
  11,   1, 418,  3.0000                                               
  11,   1, 419,  3.0000                                               
  11,   1, 420,  3.0000                                               
  11,   1, 421,  3.0000                                               
  11,   1, 422,  3.0000                                               
  11,   1, 423,  3.0000                                               
  11,   1, 424,  3.0000                                               
  11,   1, 425,  3.0000                                               
  11,   1, 426,  3.0000                                               
  11,   1, 427,  2.0000                                               
  11,   1, 428,  2.0000                                               
  11,   1, 429,  2.0000                                               
  11,   1, 430,  2.0000                                               
  11,   1, 431,  2.0000                                               
  11,   1, 432,  2.0000                                               
  11,   1, 433,  2.0000                                               
  11,   1, 434,  3.0000                                               
  11,   1, 435,  3.0000                                               
  11,   1, 436,  3.0000                                               
  11,   1, 437,  3.0000                                               
  11,   1, 438,  3.0000                                               
  11,   1, 439,  3.0000                                               
  11,   1, 440,  3.0000                                               
  11,   1, 441,  3.0000                                               
  11,   1, 442,  3.0000                                               
  11,   1, 443,  3.0000                                               
  11,   1, 444,  3.0000                                               
  11,   1, 445,  3.0000                                               
  11,   1, 446,  3.0000                                               
  11,   1, 447,  3.0000                                               
  11,   1, 448,  3.0000                                               
  11,   1, 449,  3.0000                                               
  11,   1, 450,  3.0000                                               
  11,   1, 451,  2.0000                                               
  11,   1, 452,  2.0000                                               
  11,   1, 453,  2.0000                                               
  11,   1, 454,  2.0000                                               
  11,   1, 455,  2.0000                                               
  11,   1, 456,  2.0000                                               
  11,   1, 457,  2.0000                                               
  11,   1, 458,  3.0000                                               
  11,   1, 459,  3.0000                                               
  11,   1, 460,  3.0000                                               
  11,   1, 461,  3.0000                                               
  11,   1, 462,  3.0000                                               
  11,   1, 463,  3.0000                                               
  11,   1, 464,  3.0000                                               
  11,   1, 465,  2.0000                                               
  11,   1, 466,  2.0000                                               
  11,   1, 467,  2.0000                                               
  11,   1, 468,  2.0000                                               
  11,   1, 469,  2.0000                                               
  11,   1, 470,  2.0000                                               
  11,   1, 471,  2.0000                                               
  11,   1, 472,  1.0000                                               
  11,   1, 473,  1.0000                                               
  11,   1, 474,  1.0000                                               
  11,   1, 475,  1.0000                                               
  11,   1, 476,  1.0000                                               
  11,   1, 477,  1.0000                                               
  11,   1, 478,  1.0000                                               
  11,   1, 479,  1.0000                                               
  11,   1, 480,  2.0000                                               
  11,   1, 481,  2.0000                                               
  11,   1, 482,  3.0000                                               
  11,   1, 483,  3.0000                                               
  11,   1, 484,  3.0000                                               
  11,   1, 485,  3.0000                                               
  11,   1, 486,  3.0000                                               
  11,   1, 487,  3.0000                                               
  11,   1, 488,  3.0000                                               
  11,   1, 489,  2.0000                                               
  11,   1, 490,  2.0000                                               
  11,   1, 491,  2.0000                                               
  11,   1, 492,  2.0000                                               
  11,   1, 493,  2.0000                                               
  11,   1, 494,  2.0000                                               
  11,   1, 495,  2.0000                                               
  11,   1, 496,  1.0000                                               
  11,   1, 497,  1.0000                                               
  11,   1, 498,  1.0000                                               
  11,   1, 499,  1.0000                                               
  11,   1, 500,  1.0000                                               
  11,   1, 501,  1.0000                                               
  11,   1, 502,  1.0000                                               
  11,   1, 503,  1.0000                                               
  11,   1, 504,  2.0000                                               
  11,   1, 505,  2.0000                                               
  11,   1, 506,  3.0000                                               
  11,   1, 507,  3.0000                                               
  11,   1, 508,  3.0000                                               
  11,   1, 509,  3.0000                                               
  11,   1, 510,  3.0000                                               
  11,   1, 511,  3.0000                                               
  11,   1, 512,  3.0000                                               
  11,   1, 513,  2.0000                                               
  11,   1, 514,  2.0000                                               
  11,   1, 515,  2.0000                                               
  11,   1, 516,  2.0000                                               
  11,   1, 517,  2.0000                                               
  11,   1, 518,  2.0000                                               
  11,   1, 519,  2.0000                                               
  11,   1, 520,  1.0000                                               
  11,   1, 521,  1.0000                                               
  11,   1, 522,  1.0000                                               
  11,   1, 523,  1.0000                                               
  11,   1, 524,  1.0000                                               
  11,   1, 525,  1.0000                                               
  11,   1, 526,  1.0000                                               
  11,   1, 527,  1.0000                                               
  11,   1, 528,  2.0000                                               
  11,   1, 529,  2.0000                                               
  11,   1, 530,  3.0000                                               
  11,   1, 531,  3.0000                                               
  11,   1, 532,  3.0000                                               
  11,   1, 533,  3.0000                                               
  11,   1, 534,  3.0000                                               
  11,   1, 535,  3.0000                                               
  11,   1, 536,  3.0000                                               
  11,   1, 537,  2.0000                                               
  11,   1, 538,  2.0000                                               
  11,   1, 539,  2.0000                                               
  11,   1, 540,  2.0000                                               
  11,   1, 541,  2.0000                                               
  11,   1, 542,  2.0000                                               
  11,   1, 543,  2.0000                                               
  11,   1, 544,  1.0000                                               
  11,   1, 545,  1.0000                                               
  11,   1, 546,  1.0000                                               
  11,   1, 547,  1.0000                                               
  11,   1, 548,  1.0000                                               
  11,   1, 549,  1.0000                                               
  11,   1, 550,  1.0000                                               
  11,   1, 551,  1.0000                                               
  11,   1, 552,  2.0000                                               
  11,   1, 553,  2.0000                                               
  11,   1, 554,  3.0000                                               
  11,   1, 555,  3.0000                                               
  11,   1, 556,  3.0000                                               
  11,   1, 557,  3.0000                                               
  11,   1, 558,  3.0000                                               
  11,   1, 559,  3.0000                                               
  11,   1, 560,  3.0000                                               
  11,   1, 561,  2.0000                                               
  11,   1, 562,  2.0000                                               
  11,   1, 563,  2.0000                                               
  11,   1, 564,  2.0000                                               
  11,   1, 565,  2.0000                                               
  11,   1, 566,  2.0000                                               
  11,   1, 567,  2.0000                                               
  11,   1, 568,  1.0000                                               
  11,   1, 569,  1.0000                                               
  11,   1, 570,  1.0000                                               
  11,   1, 571,  1.0000                                               
  11,   1, 572,  1.0000                                               
  11,   1, 573,  1.0000                                               
  11,   1, 574,  1.0000                                               
  11,   1, 575,  1.0000                                               
  11,   1, 576,  2.0000                                               
  11,   1, 577,  2.0000                                               
  11,   1, 578,  3.0000                                               
  11,   1, 579,  3.0000                                               
  11,   1, 580,  3.0000                                               
  11,   1, 581,  3.0000                                               
  11,   1, 582,  3.0000                                               
  11,   1, 583,  3.0000                                               
  11,   1, 584,  3.0000                                               
  11,   1, 585,  3.0000                                               
  11,   1, 586,  3.0000                                               
  11,   1, 587,  3.0000                                               
  11,   1, 588,  3.0000                                               
  11,   1, 589,  3.0000                                               
  11,   1, 590,  3.0000                                               
  11,   1, 591,  3.0000                                               
  11,   1, 592,  3.0000                                               
  11,   1, 593,  3.0000                                               
  11,   1, 594,  3.0000                                               
  11,   1, 595,  2.0000                                               
  11,   1, 596,  2.0000                                               
  11,   1, 597,  2.0000                                               
  11,   1, 598,  2.0000                                               
  11,   1, 599,  2.0000                                               
  11,   1, 600,  2.0000                                               
  11,   1, 601,  2.0000                                               
  11,   1, 602,  3.0000                                               
  11,   1, 603,  3.0000                                               
  11,   1, 604,  3.0000                                               
  11,   1, 605,  3.0000                                               
  11,   1, 606,  3.0000                                               
  11,   1, 607,  3.0000                                               
  11,   1, 608,  3.0000                                               
  11,   1, 609,  3.0000                                               
  11,   1, 610,  3.0000                                               
  11,   1, 611,  3.0000                                               
  11,   1, 612,  3.0000                                               
  11,   1, 613,  3.0000                                               
  11,   1, 614,  3.0000                                               
  11,   1, 615,  3.0000                                               
  11,   1, 616,  3.0000                                               
  11,   1, 617,  3.0000                                               
  11,   1, 618,  3.0000                                               
  11,   1, 619,  2.0000                                               
  11,   1, 620,  2.0000                                               
  11,   1, 621,  2.0000                                               
  11,   1, 622,  2.0000                                               
  11,   1, 623,  2.0000                                               
  11,   1, 624,  2.0000                                               
  11,   1, 625,  2.0000                                               
  11,   1, 626,  3.0000                                               
  11,   1, 627,  3.0000                                               
  11,   1, 628,  3.0000                                               
  11,   1, 629,  3.0000                                               
  11,   1, 630,  3.0000                                               
  11,   1, 631,  3.0000                                               
  11,   1, 632,  3.0000                                               
  11,   1, 633,  2.0000                                               
  11,   1, 634,  2.0000                                               
  11,   1, 635,  2.0000                                               
  11,   1, 636,  2.0000                                               
  11,   1, 637,  2.0000                                               
  11,   1, 638,  2.0000                                               
  11,   1, 639,  2.0000                                               
  11,   1, 640,  1.0000                                               
  11,   1, 641,  1.0000                                               
  11,   1, 642,  1.0000                                               
  11,   1, 643,  1.0000                                               
  11,   1, 644,  1.0000                                               
  11,   1, 645,  1.0000                                               
  11,   1, 646,  1.0000                                               
  11,   1, 647,  1.0000                                               
  11,   1, 648,  2.0000                                               
  11,   1, 649,  2.0000                                               
  11,   1, 650,  3.0000                                               
  11,   1, 651,  3.0000                                               
  11,   1, 652,  3.0000                                               
  11,   1, 653,  3.0000                                               
  11,   1, 654,  3.0000                                               
  11,   1, 655,  3.0000                                               
  11,   1, 656,  3.0000                                               
  11,   1, 657,  2.0000                                               
  11,   1, 658,  2.0000                                               
  11,   1, 659,  2.0000                                               
  11,   1, 660,  2.0000                                               
  11,   1, 661,  2.0000                                               
  11,   1, 662,  2.0000                                               
  11,   1, 663,  2.0000                                               
  11,   1, 664,  1.0000                                               
  11,   1, 665,  1.0000                                               
  11,   1, 666,  1.0000                                               
  11,   1, 667,  1.0000                                               
  11,   1, 668,  1.0000                                               
  11,   1, 669,  1.0000                                               
  11,   1, 670,  1.0000                                               
  11,   1, 671,  1.0000                                               
  11,   1, 672,  2.0000                                               
  11,   1, 673,  2.0000                                               
  11,   1, 674,  3.0000                                               
  11,   1, 675,  3.0000                                               
  11,   1, 676,  3.0000                                               
  11,   1, 677,  3.0000                                               
  11,   1, 678,  3.0000                                               
  11,   1, 679,  3.0000                                               
  11,   1, 680,  3.0000                                               
  11,   1, 681,  2.0000                                               
  11,   1, 682,  2.0000                                               
  11,   1, 683,  2.0000                                               
  11,   1, 684,  2.0000                                               
  11,   1, 685,  2.0000                                               
  11,   1, 686,  2.0000                                               
  11,   1, 687,  2.0000                                               
  11,   1, 688,  1.0000                                               
  11,   1, 689,  1.0000                                               
  11,   1, 690,  1.0000                                               
  11,   1, 691,  1.0000                                               
  11,   1, 692,  1.0000                                               
  11,   1, 693,  1.0000                                               
  11,   1, 694,  1.0000                                               
  11,   1, 695,  1.0000                                               
  11,   1, 696,  2.0000                                               
  11,   1, 697,  2.0000                                               
  11,   1, 698,  3.0000                                               
  11,   1, 699,  3.0000                                               
  11,   1, 700,  3.0000                                               
  11,   1, 701,  3.0000                                               
  11,   1, 702,  3.0000                                               
  11,   1, 703,  3.0000                                               
  11,   1, 704,  3.0000                                               
  11,   1, 705,  2.0000                                               
  11,   1, 706,  2.0000                                               
  11,   1, 707,  2.0000                                               
  11,   1, 708,  2.0000                                               
  11,   1, 709,  2.0000                                               
  11,   1, 710,  2.0000                                               
  11,   1, 711,  2.0000                                               
  11,   1, 712,  1.0000                                               
  11,   1, 713,  1.0000                                               
  11,   1, 714,  1.0000                                               
  11,   1, 715,  1.0000                                               
  11,   1, 716,  1.0000                                               
  11,   1, 717,  1.0000                                               
  11,   1, 718,  1.0000                                               
  11,   1, 719,  1.0000                                               
  11,   1, 720,  2.0000                                               
  12,   1,   1,  2.0000                                               
  12,   1,   2,  3.0000                                               
  12,   1,   3,  3.0000                                               
  12,   1,   4,  3.0000                                               
  12,   1,   5,  3.0000                                               
  12,   1,   6,  3.0000                                               
  12,   1,   7,  3.0000                                               
  12,   1,   8,  3.0000                                               
  12,   1,   9,  2.0000                                               
  12,   1,  10,  2.0000                                               
  12,   1,  11,  2.0000                                               
  12,   1,  12,  2.0000                                               
  12,   1,  13,  2.0000                                               
  12,   1,  14,  2.0000                                               
  12,   1,  15,  2.0000                                               
  12,   1,  16,  1.0000                                               
  12,   1,  17,  1.0000                                               
  12,   1,  18,  1.0000                                               
  12,   1,  19,  1.0000                                               
  12,   1,  20,  1.0000                                               
  12,   1,  21,  1.0000                                               
  12,   1,  22,  1.0000                                               
  12,   1,  23,  1.0000                                               
  12,   1,  24,  2.0000                                               
  12,   1,  25,  2.0000                                               
  12,   1,  26,  3.0000                                               
  12,   1,  27,  3.0000                                               
  12,   1,  28,  3.0000                                               
  12,   1,  29,  3.0000                                               
  12,   1,  30,  3.0000                                               
  12,   1,  31,  3.0000                                               
  12,   1,  32,  3.0000                                               
  12,   1,  33,  3.0000                                               
  12,   1,  34,  3.0000                                               
  12,   1,  35,  3.0000                                               
  12,   1,  36,  3.0000                                               
  12,   1,  37,  3.0000                                               
  12,   1,  38,  3.0000                                               
  12,   1,  39,  3.0000                                               
  12,   1,  40,  3.0000                                               
  12,   1,  41,  3.0000                                               
  12,   1,  42,  3.0000                                               
  12,   1,  43,  2.0000                                               
  12,   1,  44,  2.0000                                               
  12,   1,  45,  2.0000                                               
  12,   1,  46,  2.0000                                               
  12,   1,  47,  2.0000                                               
  12,   1,  48,  2.0000                                               
  12,   1,  49,  2.0000                                               
  12,   1,  50,  3.0000                                               
  12,   1,  51,  3.0000                                               
  12,   1,  52,  3.0000                                               
  12,   1,  53,  3.0000                                               
  12,   1,  54,  3.0000                                               
  12,   1,  55,  3.0000                                               
  12,   1,  56,  3.0000                                               
  12,   1,  57,  3.0000                                               
  12,   1,  58,  3.0000                                               
  12,   1,  59,  3.0000                                               
  12,   1,  60,  3.0000                                               
  12,   1,  61,  3.0000                                               
  12,   1,  62,  3.0000                                               
  12,   1,  63,  3.0000                                               
  12,   1,  64,  3.0000                                               
  12,   1,  65,  3.0000                                               
  12,   1,  66,  3.0000                                               
  12,   1,  67,  2.0000                                               
  12,   1,  68,  2.0000                                               
  12,   1,  69,  2.0000                                               
  12,   1,  70,  2.0000                                               
  12,   1,  71,  2.0000                                               
  12,   1,  72,  2.0000                                               
  12,   1,  73,  2.0000                                               
  12,   1,  74,  3.0000                                               
  12,   1,  75,  3.0000                                               
  12,   1,  76,  3.0000                                               
  12,   1,  77,  3.0000                                               
  12,   1,  78,  3.0000                                               
  12,   1,  79,  3.0000                                               
  12,   1,  80,  3.0000                                               
  12,   1,  81,  2.0000                                               
  12,   1,  82,  2.0000                                               
  12,   1,  83,  2.0000                                               
  12,   1,  84,  2.0000                                               
  12,   1,  85,  2.0000                                               
  12,   1,  86,  2.0000                                               
  12,   1,  87,  2.0000                                               
  12,   1,  88,  1.0000                                               
  12,   1,  89,  1.0000                                               
  12,   1,  90,  1.0000                                               
  12,   1,  91,  1.0000                                               
  12,   1,  92,  1.0000                                               
  12,   1,  93,  1.0000                                               
  12,   1,  94,  1.0000                                               
  12,   1,  95,  1.0000                                               
  12,   1,  96,  2.0000                                               
  12,   1,  97,  2.0000                                               
  12,   1,  98,  3.0000                                               
  12,   1,  99,  3.0000                                               
  12,   1, 100,  3.0000                                               
  12,   1, 101,  3.0000                                               
  12,   1, 102,  3.0000                                               
  12,   1, 103,  3.0000                                               
  12,   1, 104,  3.0000                                               
  12,   1, 105,  2.0000                                               
  12,   1, 106,  2.0000                                               
  12,   1, 107,  2.0000                                               
  12,   1, 108,  2.0000                                               
  12,   1, 109,  2.0000                                               
  12,   1, 110,  2.0000                                               
  12,   1, 111,  2.0000                                               
  12,   1, 112,  1.0000                                               
  12,   1, 113,  1.0000                                               
  12,   1, 114,  1.0000                                               
  12,   1, 115,  1.0000                                               
  12,   1, 116,  1.0000                                               
  12,   1, 117,  1.0000                                               
  12,   1, 118,  1.0000                                               
  12,   1, 119,  1.0000                                               
  12,   1, 120,  2.0000                                               
  12,   1, 121,  2.0000                                               
  12,   1, 122,  3.0000                                               
  12,   1, 123,  3.0000                                               
  12,   1, 124,  3.0000                                               
  12,   1, 125,  3.0000                                               
  12,   1, 126,  3.0000                                               
  12,   1, 127,  3.0000                                               
  12,   1, 128,  3.0000                                               
  12,   1, 129,  2.0000                                               
  12,   1, 130,  2.0000                                               
  12,   1, 131,  2.0000                                               
  12,   1, 132,  2.0000                                               
  12,   1, 133,  2.0000                                               
  12,   1, 134,  2.0000                                               
  12,   1, 135,  2.0000                                               
  12,   1, 136,  1.0000                                               
  12,   1, 137,  1.0000                                               
  12,   1, 138,  1.0000                                               
  12,   1, 139,  1.0000                                               
  12,   1, 140,  1.0000                                               
  12,   1, 141,  1.0000                                               
  12,   1, 142,  1.0000                                               
  12,   1, 143,  1.0000                                               
  12,   1, 144,  2.0000                                               
  12,   1, 145,  2.0000                                               
  12,   1, 146,  3.0000                                               
  12,   1, 147,  3.0000                                               
  12,   1, 148,  3.0000                                               
  12,   1, 149,  3.0000                                               
  12,   1, 150,  3.0000                                               
  12,   1, 151,  3.0000                                               
  12,   1, 152,  3.0000                                               
  12,   1, 153,  2.0000                                               
  12,   1, 154,  2.0000                                               
  12,   1, 155,  2.0000                                               
  12,   1, 156,  2.0000                                               
  12,   1, 157,  2.0000                                               
  12,   1, 158,  2.0000                                               
  12,   1, 159,  2.0000                                               
  12,   1, 160,  1.0000                                               
  12,   1, 161,  1.0000                                               
  12,   1, 162,  1.0000                                               
  12,   1, 163,  1.0000                                               
  12,   1, 164,  1.0000                                               
  12,   1, 165,  1.0000                                               
  12,   1, 166,  1.0000                                               
  12,   1, 167,  1.0000                                               
  12,   1, 168,  2.0000                                               
  12,   1, 169,  2.0000                                               
  12,   1, 170,  3.0000                                               
  12,   1, 171,  3.0000                                               
  12,   1, 172,  3.0000                                               
  12,   1, 173,  3.0000                                               
  12,   1, 174,  3.0000                                               
  12,   1, 175,  3.0000                                               
  12,   1, 176,  3.0000                                               
  12,   1, 177,  2.0000                                               
  12,   1, 178,  2.0000                                               
  12,   1, 179,  2.0000                                               
  12,   1, 180,  2.0000                                               
  12,   1, 181,  2.0000                                               
  12,   1, 182,  2.0000                                               
  12,   1, 183,  2.0000                                               
  12,   1, 184,  1.0000                                               
  12,   1, 185,  1.0000                                               
  12,   1, 186,  1.0000                                               
  12,   1, 187,  1.0000                                               
  12,   1, 188,  1.0000                                               
  12,   1, 189,  1.0000                                               
  12,   1, 190,  1.0000                                               
  12,   1, 191,  1.0000                                               
  12,   1, 192,  2.0000                                               
  12,   1, 193,  2.0000                                               
  12,   1, 194,  3.0000                                               
  12,   1, 195,  3.0000                                               
  12,   1, 196,  3.0000                                               
  12,   1, 197,  3.0000                                               
  12,   1, 198,  3.0000                                               
  12,   1, 199,  3.0000                                               
  12,   1, 200,  3.0000                                               
  12,   1, 201,  3.0000                                               
  12,   1, 202,  3.0000                                               
  12,   1, 203,  3.0000                                               
  12,   1, 204,  3.0000                                               
  12,   1, 205,  3.0000                                               
  12,   1, 206,  3.0000                                               
  12,   1, 207,  3.0000                                               
  12,   1, 208,  3.0000                                               
  12,   1, 209,  3.0000                                               
  12,   1, 210,  3.0000                                               
  12,   1, 211,  2.0000                                               
  12,   1, 212,  2.0000                                               
  12,   1, 213,  2.0000                                               
  12,   1, 214,  2.0000                                               
  12,   1, 215,  2.0000                                               
  12,   1, 216,  2.0000                                               
  12,   1, 217,  2.0000                                               
  12,   1, 218,  3.0000                                               
  12,   1, 219,  3.0000                                               
  12,   1, 220,  3.0000                                               
  12,   1, 221,  3.0000                                               
  12,   1, 222,  3.0000                                               
  12,   1, 223,  3.0000                                               
  12,   1, 224,  3.0000                                               
  12,   1, 225,  3.0000                                               
  12,   1, 226,  3.0000                                               
  12,   1, 227,  3.0000                                               
  12,   1, 228,  3.0000                                               
  12,   1, 229,  3.0000                                               
  12,   1, 230,  3.0000                                               
  12,   1, 231,  3.0000                                               
  12,   1, 232,  3.0000                                               
  12,   1, 233,  3.0000                                               
  12,   1, 234,  3.0000                                               
  12,   1, 235,  2.0000                                               
  12,   1, 236,  2.0000                                               
  12,   1, 237,  2.0000                                               
  12,   1, 238,  2.0000                                               
  12,   1, 239,  2.0000                                               
  12,   1, 240,  2.0000                                               
  12,   1, 241,  2.0000                                               
  12,   1, 242,  3.0000                                               
  12,   1, 243,  3.0000                                               
  12,   1, 244,  3.0000                                               
  12,   1, 245,  3.0000                                               
  12,   1, 246,  3.0000                                               
  12,   1, 247,  3.0000                                               
  12,   1, 248,  3.0000                                               
  12,   1, 249,  2.0000                                               
  12,   1, 250,  2.0000                                               
  12,   1, 251,  2.0000                                               
  12,   1, 252,  2.0000                                               
  12,   1, 253,  2.0000                                               
  12,   1, 254,  2.0000                                               
  12,   1, 255,  2.0000                                               
  12,   1, 256,  1.0000                                               
  12,   1, 257,  1.0000                                               
  12,   1, 258,  1.0000                                               
  12,   1, 259,  1.0000                                               
  12,   1, 260,  1.0000                                               
  12,   1, 261,  1.0000                                               
  12,   1, 262,  1.0000                                               
  12,   1, 263,  1.0000                                               
  12,   1, 264,  2.0000                                               
  12,   1, 265,  2.0000                                               
  12,   1, 266,  3.0000                                               
  12,   1, 267,  3.0000                                               
  12,   1, 268,  3.0000                                               
  12,   1, 269,  3.0000                                               
  12,   1, 270,  3.0000                                               
  12,   1, 271,  3.0000                                               
  12,   1, 272,  3.0000                                               
  12,   1, 273,  2.0000                                               
  12,   1, 274,  2.0000                                               
  12,   1, 275,  2.0000                                               
  12,   1, 276,  2.0000                                               
  12,   1, 277,  2.0000                                               
  12,   1, 278,  2.0000                                               
  12,   1, 279,  2.0000                                               
  12,   1, 280,  1.0000                                               
  12,   1, 281,  1.0000                                               
  12,   1, 282,  1.0000                                               
  12,   1, 283,  1.0000                                               
  12,   1, 284,  1.0000                                               
  12,   1, 285,  1.0000                                               
  12,   1, 286,  1.0000                                               
  12,   1, 287,  1.0000                                               
  12,   1, 288,  2.0000                                               
  12,   1, 289,  2.0000                                               
  12,   1, 290,  3.0000                                               
  12,   1, 291,  3.0000                                               
  12,   1, 292,  3.0000                                               
  12,   1, 293,  3.0000                                               
  12,   1, 294,  3.0000                                               
  12,   1, 295,  3.0000                                               
  12,   1, 296,  3.0000                                               
  12,   1, 297,  2.0000                                               
  12,   1, 298,  2.0000                                               
  12,   1, 299,  2.0000                                               
  12,   1, 300,  2.0000                                               
  12,   1, 301,  2.0000                                               
  12,   1, 302,  2.0000                                               
  12,   1, 303,  2.0000                                               
  12,   1, 304,  1.0000                                               
  12,   1, 305,  1.0000                                               
  12,   1, 306,  1.0000                                               
  12,   1, 307,  1.0000                                               
  12,   1, 308,  1.0000                                               
  12,   1, 309,  1.0000                                               
  12,   1, 310,  1.0000                                               
  12,   1, 311,  1.0000                                               
  12,   1, 312,  2.0000                                               
  12,   1, 313,  2.0000                                               
  12,   1, 314,  3.0000                                               
  12,   1, 315,  3.0000                                               
  12,   1, 316,  3.0000                                               
  12,   1, 317,  3.0000                                               
  12,   1, 318,  3.0000                                               
  12,   1, 319,  3.0000                                               
  12,   1, 320,  3.0000                                               
  12,   1, 321,  2.0000                                               
  12,   1, 322,  2.0000                                               
  12,   1, 323,  2.0000                                               
  12,   1, 324,  2.0000                                               
  12,   1, 325,  2.0000                                               
  12,   1, 326,  2.0000                                               
  12,   1, 327,  2.0000                                               
  12,   1, 328,  1.0000                                               
  12,   1, 329,  1.0000                                               
  12,   1, 330,  1.0000                                               
  12,   1, 331,  1.0000                                               
  12,   1, 332,  1.0000                                               
  12,   1, 333,  1.0000                                               
  12,   1, 334,  1.0000                                               
  12,   1, 335,  1.0000                                               
  12,   1, 336,  2.0000                                               
  12,   1, 337,  2.0000                                               
  12,   1, 338,  3.0000                                               
  12,   1, 339,  3.0000                                               
  12,   1, 340,  3.0000                                               
  12,   1, 341,  3.0000                                               
  12,   1, 342,  3.0000                                               
  12,   1, 343,  3.0000                                               
  12,   1, 344,  3.0000                                               
  12,   1, 345,  2.0000                                               
  12,   1, 346,  2.0000                                               
  12,   1, 347,  2.0000                                               
  12,   1, 348,  2.0000                                               
  12,   1, 349,  2.0000                                               
  12,   1, 350,  2.0000                                               
  12,   1, 351,  2.0000                                               
  12,   1, 352,  1.0000                                               
  12,   1, 353,  1.0000                                               
  12,   1, 354,  1.0000                                               
  12,   1, 355,  1.0000                                               
  12,   1, 356,  1.0000                                               
  12,   1, 357,  1.0000                                               
  12,   1, 358,  1.0000                                               
  12,   1, 359,  1.0000                                               
  12,   1, 360,  2.0000                                               
  12,   1, 361,  2.0000                                               
  12,   1, 362,  3.0000                                               
  12,   1, 363,  3.0000                                               
  12,   1, 364,  3.0000                                               
  12,   1, 365,  3.0000                                               
  12,   1, 366,  3.0000                                               
  12,   1, 367,  3.0000                                               
  12,   1, 368,  3.0000                                               
  12,   1, 369,  3.0000                                               
  12,   1, 370,  3.0000                                               
  12,   1, 371,  3.0000                                               
  12,   1, 372,  3.0000                                               
  12,   1, 373,  3.0000                                               
  12,   1, 374,  3.0000                                               
  12,   1, 375,  3.0000                                               
  12,   1, 376,  3.0000                                               
  12,   1, 377,  3.0000                                               
  12,   1, 378,  3.0000                                               
  12,   1, 379,  2.0000                                               
  12,   1, 380,  2.0000                                               
  12,   1, 381,  2.0000                                               
  12,   1, 382,  2.0000                                               
  12,   1, 383,  2.0000                                               
  12,   1, 384,  2.0000                                               
  12,   1, 385,  2.0000                                               
  12,   1, 386,  3.0000                                               
  12,   1, 387,  3.0000                                               
  12,   1, 388,  3.0000                                               
  12,   1, 389,  3.0000                                               
  12,   1, 390,  3.0000                                               
  12,   1, 391,  3.0000                                               
  12,   1, 392,  3.0000                                               
  12,   1, 393,  3.0000                                               
  12,   1, 394,  3.0000                                               
  12,   1, 395,  3.0000                                               
  12,   1, 396,  3.0000                                               
  12,   1, 397,  3.0000                                               
  12,   1, 398,  3.0000                                               
  12,   1, 399,  3.0000                                               
  12,   1, 400,  3.0000                                               
  12,   1, 401,  3.0000                                               
  12,   1, 402,  3.0000                                               
  12,   1, 403,  2.0000                                               
  12,   1, 404,  2.0000                                               
  12,   1, 405,  2.0000                                               
  12,   1, 406,  2.0000                                               
  12,   1, 407,  2.0000                                               
  12,   1, 408,  2.0000                                               
  12,   1, 409,  2.0000                                               
  12,   1, 410,  3.0000                                               
  12,   1, 411,  3.0000                                               
  12,   1, 412,  3.0000                                               
  12,   1, 413,  3.0000                                               
  12,   1, 414,  3.0000                                               
  12,   1, 415,  3.0000                                               
  12,   1, 416,  3.0000                                               
  12,   1, 417,  2.0000                                               
  12,   1, 418,  2.0000                                               
  12,   1, 419,  2.0000                                               
  12,   1, 420,  2.0000                                               
  12,   1, 421,  2.0000                                               
  12,   1, 422,  2.0000                                               
  12,   1, 423,  2.0000                                               
  12,   1, 424,  1.0000                                               
  12,   1, 425,  1.0000                                               
  12,   1, 426,  1.0000                                               
  12,   1, 427,  1.0000                                               
  12,   1, 428,  1.0000                                               
  12,   1, 429,  1.0000                                               
  12,   1, 430,  1.0000                                               
  12,   1, 431,  1.0000                                               
  12,   1, 432,  2.0000                                               
  12,   1, 433,  2.0000                                               
  12,   1, 434,  3.0000                                               
  12,   1, 435,  3.0000                                               
  12,   1, 436,  3.0000                                               
  12,   1, 437,  3.0000                                               
  12,   1, 438,  3.0000                                               
  12,   1, 439,  3.0000                                               
  12,   1, 440,  3.0000                                               
  12,   1, 441,  2.0000                                               
  12,   1, 442,  2.0000                                               
  12,   1, 443,  2.0000                                               
  12,   1, 444,  2.0000                                               
  12,   1, 445,  2.0000                                               
  12,   1, 446,  2.0000                                               
  12,   1, 447,  2.0000                                               
  12,   1, 448,  1.0000                                               
  12,   1, 449,  1.0000                                               
  12,   1, 450,  1.0000                                               
  12,   1, 451,  1.0000                                               
  12,   1, 452,  1.0000                                               
  12,   1, 453,  1.0000                                               
  12,   1, 454,  1.0000                                               
  12,   1, 455,  1.0000                                               
  12,   1, 456,  2.0000                                               
  12,   1, 457,  2.0000                                               
  12,   1, 458,  3.0000                                               
  12,   1, 459,  3.0000                                               
  12,   1, 460,  3.0000                                               
  12,   1, 461,  3.0000                                               
  12,   1, 462,  3.0000                                               
  12,   1, 463,  3.0000                                               
  12,   1, 464,  3.0000                                               
  12,   1, 465,  2.0000                                               
  12,   1, 466,  2.0000                                               
  12,   1, 467,  2.0000                                               
  12,   1, 468,  2.0000                                               
  12,   1, 469,  2.0000                                               
  12,   1, 470,  2.0000                                               
  12,   1, 471,  2.0000                                               
  12,   1, 472,  1.0000                                               
  12,   1, 473,  1.0000                                               
  12,   1, 474,  1.0000                                               
  12,   1, 475,  1.0000                                               
  12,   1, 476,  1.0000                                               
  12,   1, 477,  1.0000                                               
  12,   1, 478,  1.0000                                               
  12,   1, 479,  1.0000                                               
  12,   1, 480,  2.0000                                               
  12,   1, 481,  2.0000                                               
  12,   1, 482,  3.0000                                               
  12,   1, 483,  3.0000                                               
  12,   1, 484,  3.0000                                               
  12,   1, 485,  3.0000                                               
  12,   1, 486,  3.0000                                               
  12,   1, 487,  3.0000                                               
  12,   1, 488,  3.0000                                               
  12,   1, 489,  2.0000                                               
  12,   1, 490,  2.0000                                               
  12,   1, 491,  2.0000                                               
  12,   1, 492,  2.0000                                               
  12,   1, 493,  2.0000                                               
  12,   1, 494,  2.0000                                               
  12,   1, 495,  2.0000                                               
  12,   1, 496,  1.0000                                               
  12,   1, 497,  1.0000                                               
  12,   1, 498,  1.0000                                               
  12,   1, 499,  1.0000                                               
  12,   1, 500,  1.0000                                               
  12,   1, 501,  1.0000                                               
  12,   1, 502,  1.0000                                               
  12,   1, 503,  1.0000                                               
  12,   1, 504,  2.0000                                               
  12,   1, 505,  2.0000                                               
  12,   1, 506,  3.0000                                               
  12,   1, 507,  3.0000                                               
  12,   1, 508,  3.0000                                               
  12,   1, 509,  3.0000                                               
  12,   1, 510,  3.0000                                               
  12,   1, 511,  3.0000                                               
  12,   1, 512,  3.0000                                               
  12,   1, 513,  2.0000                                               
  12,   1, 514,  2.0000                                               
  12,   1, 515,  2.0000                                               
  12,   1, 516,  2.0000                                               
  12,   1, 517,  2.0000                                               
  12,   1, 518,  2.0000                                               
  12,   1, 519,  2.0000                                               
  12,   1, 520,  1.0000                                               
  12,   1, 521,  1.0000                                               
  12,   1, 522,  1.0000                                               
  12,   1, 523,  1.0000                                               
  12,   1, 524,  1.0000                                               
  12,   1, 525,  1.0000                                               
  12,   1, 526,  1.0000                                               
  12,   1, 527,  1.0000                                               
  12,   1, 528,  2.0000                                               
  12,   1, 529,  2.0000                                               
  12,   1, 530,  3.0000                                               
  12,   1, 531,  3.0000                                               
  12,   1, 532,  3.0000                                               
  12,   1, 533,  3.0000                                               
  12,   1, 534,  3.0000                                               
  12,   1, 535,  3.0000                                               
  12,   1, 536,  3.0000                                               
  12,   1, 537,  3.0000                                               
  12,   1, 538,  3.0000                                               
  12,   1, 539,  3.0000                                               
  12,   1, 540,  3.0000                                               
  12,   1, 541,  3.0000                                               
  12,   1, 542,  3.0000                                               
  12,   1, 543,  3.0000                                               
  12,   1, 544,  3.0000                                               
  12,   1, 545,  3.0000                                               
  12,   1, 546,  3.0000                                               
  12,   1, 547,  2.0000                                               
  12,   1, 548,  2.0000                                               
  12,   1, 549,  2.0000                                               
  12,   1, 550,  2.0000                                               
  12,   1, 551,  2.0000                                               
  12,   1, 552,  2.0000                                               
  12,   1, 553,  2.0000                                               
  12,   1, 554,  3.0000                                               
  12,   1, 555,  3.0000                                               
  12,   1, 556,  3.0000                                               
  12,   1, 557,  3.0000                                               
  12,   1, 558,  3.0000                                               
  12,   1, 559,  3.0000                                               
  12,   1, 560,  3.0000                                               
  12,   1, 561,  3.0000                                               
  12,   1, 562,  3.0000                                               
  12,   1, 563,  3.0000                                               
  12,   1, 564,  3.0000                                               
  12,   1, 565,  3.0000                                               
  12,   1, 566,  3.0000                                               
  12,   1, 567,  3.0000                                               
  12,   1, 568,  3.0000                                               
  12,   1, 569,  3.0000                                               
  12,   1, 570,  3.0000                                               
  12,   1, 571,  2.0000                                               
  12,   1, 572,  2.0000                                               
  12,   1, 573,  2.0000                                               
  12,   1, 574,  2.0000                                               
  12,   1, 575,  2.0000                                               
  12,   1, 576,  2.0000                                               
  12,   1, 577,  2.0000                                               
  12,   1, 578,  3.0000                                               
  12,   1, 579,  3.0000                                               
  12,   1, 580,  3.0000                                               
  12,   1, 581,  3.0000                                               
  12,   1, 582,  3.0000                                               
  12,   1, 583,  3.0000                                               
  12,   1, 584,  3.0000                                               
  12,   1, 585,  3.0000                                               
  12,   1, 586,  3.0000                                               
  12,   1, 587,  3.0000                                               
  12,   1, 588,  3.0000                                               
  12,   1, 589,  3.0000                                               
  12,   1, 590,  3.0000                                               
  12,   1, 591,  3.0000                                               
  12,   1, 592,  3.0000                                               
  12,   1, 593,  3.0000                                               
  12,   1, 594,  3.0000                                               
  12,   1, 595,  2.0000                                               
  12,   1, 596,  2.0000                                               
  12,   1, 597,  2.0000                                               
  12,   1, 598,  2.0000                                               
  12,   1, 599,  2.0000                                               
  12,   1, 600,  2.0000                                               
  12,   1, 601,  2.0000                                               
  12,   1, 602,  3.0000                                               
  12,   1, 603,  3.0000                                               
  12,   1, 604,  3.0000                                               
  12,   1, 605,  3.0000                                               
  12,   1, 606,  3.0000                                               
  12,   1, 607,  3.0000                                               
  12,   1, 608,  3.0000                                               
  12,   1, 609,  2.0000                                               
  12,   1, 610,  2.0000                                               
  12,   1, 611,  2.0000                                               
  12,   1, 612,  2.0000                                               
  12,   1, 613,  2.0000                                               
  12,   1, 614,  2.0000                                               
  12,   1, 615,  2.0000                                               
  12,   1, 616,  1.0000                                               
  12,   1, 617,  1.0000                                               
  12,   1, 618,  1.0000                                               
  12,   1, 619,  1.0000                                               
  12,   1, 620,  1.0000                                               
  12,   1, 621,  1.0000                                               
  12,   1, 622,  1.0000                                               
  12,   1, 623,  1.0000                                               
  12,   1, 624,  2.0000                                               
  12,   1, 625,  2.0000                                               
  12,   1, 626,  3.0000                                               
  12,   1, 627,  3.0000                                               
  12,   1, 628,  3.0000                                               
  12,   1, 629,  3.0000                                               
  12,   1, 630,  3.0000                                               
  12,   1, 631,  3.0000                                               
  12,   1, 632,  3.0000                                               
  12,   1, 633,  2.0000                                               
  12,   1, 634,  2.0000                                               
  12,   1, 635,  2.0000                                               
  12,   1, 636,  2.0000                                               
  12,   1, 637,  2.0000                                               
  12,   1, 638,  2.0000                                               
  12,   1, 639,  2.0000                                               
  12,   1, 640,  1.0000                                               
  12,   1, 641,  1.0000                                               
  12,   1, 642,  1.0000                                               
  12,   1, 643,  1.0000                                               
  12,   1, 644,  1.0000                                               
  12,   1, 645,  1.0000                                               
  12,   1, 646,  1.0000                                               
  12,   1, 647,  1.0000                                               
  12,   1, 648,  2.0000                                               
  12,   1, 649,  2.0000                                               
  12,   1, 650,  3.0000                                               
  12,   1, 651,  3.0000                                               
  12,   1, 652,  3.0000                                               
  12,   1, 653,  3.0000                                               
  12,   1, 654,  3.0000                                               
  12,   1, 655,  3.0000                                               
  12,   1, 656,  3.0000                                               
  12,   1, 657,  2.0000                                               
  12,   1, 658,  2.0000                                               
  12,   1, 659,  2.0000                                               
  12,   1, 660,  2.0000                                               
  12,   1, 661,  2.0000                                               
  12,   1, 662,  2.0000                                               
  12,   1, 663,  2.0000                                               
  12,   1, 664,  1.0000                                               
  12,   1, 665,  1.0000                                               
  12,   1, 666,  1.0000                                               
  12,   1, 667,  1.0000                                               
  12,   1, 668,  1.0000                                               
  12,   1, 669,  1.0000                                               
  12,   1, 670,  1.0000                                               
  12,   1, 671,  1.0000                                               
  12,   1, 672,  2.0000                                               
  12,   1, 673,  2.0000                                               
  12,   1, 674,  3.0000                                               
  12,   1, 675,  3.0000                                               
  12,   1, 676,  3.0000                                               
  12,   1, 677,  3.0000                                               
  12,   1, 678,  3.0000                                               
  12,   1, 679,  3.0000                                               
  12,   1, 680,  3.0000                                               
  12,   1, 681,  2.0000                                               
  12,   1, 682,  2.0000                                               
  12,   1, 683,  2.0000                                               
  12,   1, 684,  2.0000                                               
  12,   1, 685,  2.0000                                               
  12,   1, 686,  2.0000                                               
  12,   1, 687,  2.0000                                               
  12,   1, 688,  1.0000                                               
  12,   1, 689,  1.0000                                               
  12,   1, 690,  1.0000                                               
  12,   1, 691,  1.0000                                               
  12,   1, 692,  1.0000                                               
  12,   1, 693,  1.0000                                               
  12,   1, 694,  1.0000                                               
  12,   1, 695,  1.0000                                               
  12,   1, 696,  2.0000                                               
  12,   1, 697,  2.0000                                               
  12,   1, 698,  3.0000                                               
  12,   1, 699,  3.0000                                               
  12,   1, 700,  3.0000                                               
  12,   1, 701,  3.0000                                               
  12,   1, 702,  3.0000                                               
  12,   1, 703,  3.0000                                               
  12,   1, 704,  3.0000                                               
  12,   1, 705,  3.0000                                               
  12,   1, 706,  3.0000                                               
  12,   1, 707,  3.0000                                               
  12,   1, 708,  3.0000                                               
  12,   1, 709,  3.0000                                               
  12,   1, 710,  3.0000                                               
  12,   1, 711,  3.0000                                               
  12,   1, 712,  3.0000                                               
  12,   1, 713,  3.0000                                               
  12,   1, 714,  3.0000                                               
  12,   1, 715,  2.0000                                               
  12,   1, 716,  2.0000                                               
  12,   1, 717,  2.0000                                               
  12,   1, 718,  2.0000                                               
  12,   1, 719,  2.0000                                               
  12,   1, 720,  2.0000                                               
  12,   1, 721,  2.0000                                               
  12,   1, 722,  3.0000                                               
  12,   1, 723,  3.0000                                               
  12,   1, 724,  3.0000                                               
  12,   1, 725,  3.0000                                               
  12,   1, 726,  3.0000                                               
  12,   1, 727,  3.0000                                               
  12,   1, 728,  3.0000                                               
  12,   1, 729,  3.0000                                               
  12,   1, 730,  3.0000                                               
  12,   1, 731,  3.0000                                               
  12,   1, 732,  3.0000                                               
  12,   1, 733,  3.0000                                               
  12,   1, 734,  3.0000                                               
  12,   1, 735,  3.0000                                               
  12,   1, 736,  3.0000                                               
  12,   1, 737,  3.0000                                               
  12,   1, 738,  3.0000                                               
  12,   1, 739,  2.0000                                               
  12,   1, 740,  2.0000                                               
  12,   1, 741,  2.0000                                               
  12,   1, 742,  2.0000                                               
  12,   1, 743,  2.0000                                               
  12,   1, 744,  2.0000                                               
